RelativePath,Stage,Scheme,Candidate,DataYear,Status,ProtocolVersion,ProtocolSeal,ContractShortfallP95,MAR,H2SOCP05,LCOA,NH3AnnualT,CO2Intensity,NetProfitUSD,Exitflag,SolverGap,SHA256,ReadStatus
runs/manifest/stage0_quality_gate_report.mat,stage0_quality_gate_report.mat,,,,,,,NaN,NaN,NaN,NaN,NaN,NaN,NaN,NaN,NaN,a06ceed736721b75caf0792560110dea80eff5d345b34f36416906f0285b5787,ok
runs/rolling/frozen/v51_contract_plan_and_hb_smoothing_2022_frozen.mat,rolling,,,,,,,NaN,NaN,NaN,NaN,NaN,NaN,NaN,NaN,NaN,c8bc46c2d75f04188ff4cc1a60781090a87eaa672eb2efaa320ed9b521b6cefc,ok
runs/rolling/v51_contract_plan_and_hb_smoothing_2022_latest.mat,rolling,contract_plan_and_hb_smoothing,,2022,completed,5.1.37,000CDCA8,1449359.11473155,0.0696585460271225,0,471.434837849672,77648.38021805,0.295318183440586,6643996.24406777,1,0.000999353328297907,41d97e2856be68e60bd8ea14f64c270f47a0e2bff84015279b36530b66056dfc,ok
runs/rolling/v51_economic_only_2022_latest.mat,rolling,economic_only,,2022,completed,5.1.37,000CDCA8,2328722.84210511,0.0669013259907432,0,470.094092190684,76675.042094088,0.227465046267566,6663514.13950425,1,0.000999158170099481,6c4b3fc8d735c87f0520dd33e6f8b3e85ea295ac7010638056344a68810268af,ok
runs/stage1/zhou_s2_baseline_2022_latest.mat,stage1,,,2022,solved,,,NaN,0.0628097135914096,0,465.180268281595,76022.9642746094,0.0704511751129159,6980408.18413252,1,9.98809543630851e-05,e1b811801416d220752232b9ffbeb96315bbab4c275e464d1dc794080bf8c7ea,ok
runs/stage3/v51_contract_candidate_070000p000t_2022_latest.mat,stage3,,,2022,feasible_economic_incomplete,5.1.3,98AB91E8,1130406.04525262,0.0659075760725748,0,466.223039982528,76617.377578703,0.117668144352538,6955092.62110549,2,0.000146965518524889,92a0a4ebf2090626e03954c98960a8b85ef444ed50fd49808e81050e2705a3b2,ok
runs/stage3/v51_contract_candidate_073000p000t_2022_latest.mat,stage3,,,2022,feasible_economic_optimum,5.1.3,98AB91E8,1203935.22311034,0.0681219696387175,0,467.426933510206,77285.9287938118,0.170206634912302,6922737.63857362,1,7.67995305810936e-05,22493364dfe5bdcb169524baba7fce73191e6ce08cd3935224941f460c332dfa,ok
runs/stage3/v51_contract_candidate_076022p964t_2022_latest.mat,stage3,,,2022,feasible_economic_optimum,5.1.3,98AB91E8,1128919.45738448,0.0699080225948438,0,469.052358681166,78194.8350180081,0.240778617742591,6877051.30314917,1,9.9839634878107e-05,1935f073a26fc13d5015843c94da149677144368fe997286d7886c5e71a4aea3,ok
runs/stage3/v51_contract_closed_loop_2022_latest.mat,stage3,,,2022,not_implemented,5.1.0,DDD87B18,NaN,NaN,NaN,NaN,NaN,NaN,NaN,NaN,NaN,65149ebba0380aaba91fb73bfa89e276285f8b0bd5a18051f858a2bc7e50e864,ok
runs/stage4/h2_reserve_grid/rolling/v51_contract_plan_and_hb_smoothing_h2q050_l1_2022_latest.mat,stage4,contract_plan_and_hb_smoothing,,2022,requires_slack_diagnosis,,,NaN,NaN,NaN,NaN,NaN,NaN,NaN,NaN,NaN,8d07f33f42c8998aad757f5d31462f392e474057c0a429e34e80eb762d9fdde9,ok
runs/stage4/h2_reserve_grid/rolling/v51_contract_plan_and_hb_smoothing_h2q050_l2_2022_latest.mat,stage4,contract_plan_and_hb_smoothing,,2022,requires_slack_diagnosis,,,NaN,NaN,NaN,NaN,NaN,NaN,NaN,NaN,NaN,5da895c145907323a870aa63b15a8d6e5002c148c7a9ffcd0e4a5fadc056c93a,ok
runs/stage4/h2_reserve_grid/rolling/v51_contract_plan_and_hb_smoothing_h2q050_l3_2022_latest.mat,stage4,contract_plan_and_hb_smoothing,,2022,requires_slack_diagnosis,,,NaN,NaN,NaN,NaN,NaN,NaN,NaN,NaN,NaN,0a1c457888691a1a899d04b4e3c7c3dbc4cb2a8dd12904b5bcab2d6896dc77a7,ok
runs/stage4/h2_reserve_grid/rolling/v51_contract_plan_and_hb_smoothing_h2q075_l1_2022_latest.mat,stage4,contract_plan_and_hb_smoothing,,2022,requires_slack_diagnosis,,,NaN,NaN,NaN,NaN,NaN,NaN,NaN,NaN,NaN,3a6848e466001655f1b3ce7f57da70e7b23902b4ee37138a3419de5c5a44ed4a,ok
runs/stage4/h2_reserve_grid/rolling/v51_contract_plan_and_hb_smoothing_h2q075_l2_2022_latest.mat,stage4,contract_plan_and_hb_smoothing,,2022,requires_slack_diagnosis,,,NaN,NaN,NaN,NaN,NaN,NaN,NaN,NaN,NaN,c19dc69f6f7217be720920513a205e3344f223a62dff83a594dbc54e63fe3d0e,ok
runs/stage4/h2_reserve_grid/rolling/v51_contract_plan_and_hb_smoothing_h2q075_l3_2022_latest.mat,stage4,contract_plan_and_hb_smoothing,,2022,completed,5.1.37,000CDCA8,1450425.39948291,0.0702019088074499,0.0935244502009321,471.885649503896,77591.7012331593,0.298296446354461,6604167.25434812,1,0.000992139778975449,b7e558e0ae4f2ca4e6c74526d32e0b4a26f41ca28da03d4ffc244f963779f97e,ok
runs/stage4/h2_reserve_grid/rolling/v51_contract_plan_and_hb_smoothing_h2q090_l1_2022_latest.mat,stage4,contract_plan_and_hb_smoothing,,2022,requires_slack_diagnosis,,,NaN,NaN,NaN,NaN,NaN,NaN,NaN,NaN,NaN,cead0bafc014096be9161f5143f703f98394cc6cf5f2d348c93a43e8e557d653,ok
runs/stage4/h2_reserve_grid/rolling/v51_contract_plan_and_hb_smoothing_h2q090_l2_2022_latest.mat,stage4,contract_plan_and_hb_smoothing,,2022,requires_slack_diagnosis,,,NaN,NaN,NaN,NaN,NaN,NaN,NaN,NaN,NaN,88890464ddaef50d932c3252ecc4f91be0f4483b2ea61db4ec10a39bed9e254a,ok
runs/stage4/h2_reserve_grid/rolling/v51_contract_plan_and_hb_smoothing_h2q090_l3_2022_latest.mat,stage4,contract_plan_and_hb_smoothing,,2022,completed,5.1.37,000CDCA8,1454783.33456639,0.0713618937028584,0.0935244502009321,471.949502623749,77570.6716409547,0.298163817646001,6597424.20487301,1,0.000994040071054022,ff68840e04f92780b3ceae641a97aa0da314804a2a1bc492494cd641b2d191b9,ok
runs/stage4/h2_reserve_grid/rolling/v51_contract_plan_and_hb_smoothing_h2q095_l1_2022_latest.mat,stage4,contract_plan_and_hb_smoothing,,2022,requires_slack_diagnosis,,,NaN,NaN,NaN,NaN,NaN,NaN,NaN,NaN,NaN,7cdeb700b330de3ca8326ce3e549550b8abf19b454f62aff91ba5c7f48162c7b,ok
runs/stage4/h2_reserve_grid/rolling/v51_contract_plan_and_hb_smoothing_h2q095_l2_2022_latest.mat,stage4,contract_plan_and_hb_smoothing,,2022,requires_slack_diagnosis,,,NaN,NaN,NaN,NaN,NaN,NaN,NaN,NaN,NaN,eca3e50d1d970d8ade20836c7e5f3fc44c4b9d4044b02b6e19dec702862b8e47,ok
runs/stage4/h2_reserve_grid/rolling/v51_contract_plan_and_hb_smoothing_h2q095_l3_2022_latest.mat,stage4,contract_plan_and_hb_smoothing,,2022,completed,5.1.37,000CDCA8,1451298.75801539,0.0719921111638452,0.0935244502009321,472.020430725799,77560.8425911383,0.298389680919223,6591086.99593908,1,0.000992662448907891,0a854145f48abc5f460a1b2210ded599bc113334184e61d355f43d10dac0325c,ok
runs/stage4/h2_reserve_grid/v51_h2_reserve_grid_2022_latest.mat,stage4,contract_plan_and_hb_smoothing,,2022,completed,,,NaN,NaN,NaN,NaN,NaN,NaN,NaN,NaN,NaN,68b897b0d39e15fdf36111e098423fce33973371707e419e392e1ab83dd7e222,ok
runs/stage4/h2_reserve_probe/rolling/v51_contract_plan_and_hb_smoothing_h2q050_l1_2022_latest.mat,stage4,contract_plan_and_hb_smoothing,,2022,requires_slack_diagnosis,,,NaN,NaN,NaN,NaN,NaN,NaN,NaN,NaN,NaN,8234e81f4c13ba7b719052435508c5c37c7b8c9ad058eca43c4ef1e829f0a567,ok
runs/stage4/h2_reserve_probe/v51_h2_reserve_grid_2022_latest.mat,stage4,contract_plan_and_hb_smoothing,,2022,completed,,,NaN,NaN,NaN,NaN,NaN,NaN,NaN,NaN,NaN,599cbd33e7744d46ad933e6e9b92c9d2117e00c505624644afbfa99b27d8ea8f,ok
runs/stage5/joint_grid/rolling/v51_contract_plan_and_hb_smoothing_cp025_gate_2022_latest.mat,stage5,contract_plan_and_hb_smoothing,,2022,completed,5.1.37,000CDCA8,1455404.87751681,0.0557946835897512,0.093524450200932,471.913134699324,77555.0134887744,0.3,6598912.98611143,1,0.000999279395144358,cd4803a0c6b088f061034f33ba5ed7b63da9e1b821577b62f02efab71ec14cf0,ok
runs/stage5/joint_grid/rolling/v51_contract_plan_and_hb_smoothing_cp025_hb005_gate_2022_latest.mat,stage5,contract_plan_and_hb_smoothing,,2022,completed,5.1.37,000CDCA8,1457974.65732877,0.0557119997657457,0.093524450200932,471.951250817157,77516.6397710036,0.300008321121326,6592693.25338089,1,0.000998746161117382,83304df873f1c98d33b2dd7da87d51093c92c3ec252930c36d56b2a2fc486ac2,ok
runs/stage5/joint_grid/rolling/v51_contract_plan_and_hb_smoothing_cp025_hb010_gate_2022_latest.mat,stage5,contract_plan_and_hb_smoothing,,2022,completed,5.1.37,000CDCA8,1456913.83105969,0.0548013074610253,0.093524450200932,471.968679350832,77501.1158845058,0.300048769915056,6590022.23544373,1,0.000997641922060642,c28f6f4a5678539258a36ef187c4f8ac1f00335b5c91450a2842e3b0f912779c,ok
runs/stage5/joint_grid/rolling/v51_contract_plan_and_hb_smoothing_cp025_hb020_gate_2022_latest.mat,stage5,contract_plan_and_hb_smoothing,,2022,completed,5.1.37,000CDCA8,1457732.29750449,0.0524741498274947,0.093524450200932,472.009800935225,77445.4466612893,0.300049617995488,6582103.9284034,1,0.000997641922060642,e69813f49211e5a8b5a7c29408023b07917ee480a69d63ecd89c48c646e615b4,ok
runs/stage5/joint_grid/rolling/v51_contract_plan_and_hb_smoothing_cp050_gate_2022_latest.mat,stage5,contract_plan_and_hb_smoothing,,2022,completed,5.1.37,000CDCA8,1455404.87751681,0.0566048549072623,0.093524450200932,471.910920972265,77563.2635744426,0.3,6599786.66393477,1,0.000999279395144358,40b818aaacc22375499e8d5e230f21ed4e968f0240699cd4f4474e3f14f83e45,ok
runs/stage5/joint_grid/rolling/v51_contract_plan_and_hb_smoothing_cp050_hb005_gate_2022_latest.mat,stage5,contract_plan_and_hb_smoothing,,2022,completed,5.1.37,000CDCA8,1457974.65732877,0.0565427461757364,0.093524450200932,471.950441496242,77524.2924753813,0.30004225775056,6593406.84834735,1,0.000998746161117382,73f631158b9df0e0e70881dabf192e673f6aff3c61812345db51c3cb3d6eca0b,ok
runs/stage5/joint_grid/rolling/v51_contract_plan_and_hb_smoothing_cp050_hb010_gate_2022_latest.mat,stage5,contract_plan_and_hb_smoothing,,2022,completed,5.1.37,000CDCA8,1456913.83105969,0.0556812808672998,0.093524450200932,471.966410413863,77509.0992278228,0.300048568943022,6590876.93292987,1,0.000997641922060642,0889dac322122ea8183384622e59a5fa2134db3eb1b223d8e179c613fb2fb5b9,ok
runs/stage5/joint_grid/rolling/v51_contract_plan_and_hb_smoothing_cp050_hb020_gate_2022_latest.mat,stage5,contract_plan_and_hb_smoothing,,2022,completed,5.1.37,000CDCA8,1457732.29750449,0.0532437478231747,0.093524450200932,472.010969415318,77457.0269433318,0.300090828607599,6582997.63188533,1,0.000997641922060642,6af0a2f2cf791373971936ed4cbed48d66760d0d38b53abf3f686890a35950ff,ok
runs/stage5/joint_grid/rolling/v51_contract_plan_and_hb_smoothing_gate_2022_latest.mat,stage5,contract_plan_and_hb_smoothing,,2022,completed,5.1.37,000CDCA8,1455404.87751681,0.0543999186951011,0.093524450200932,471.914602658183,77554.2945944789,0.3,6598737.97113558,1,0.000999279395144358,6934be540e49d440d34caa81b9592b8834f5e86a7540737439fac4f8b852df82,ok
runs/stage5/joint_grid/rolling/v51_contract_plan_and_hb_smoothing_h2q050_l1_soft_cp025_gate_2022_latest.mat,stage5,contract_plan_and_hb_smoothing,,2022,completed,5.1.37,000CDCA8,1455404.87751681,0.0559481089418342,0.093524450200932,471.913861572504,77554.6107759327,0.3,6598822.34817157,1,0.000999279395144358,373aef072fcbcaac1a26cab36b796b21ce5306f15b5e4f36b268eda813eb7131,ok
runs/stage5/joint_grid/rolling/v51_contract_plan_and_hb_smoothing_h2q050_l1_soft_cp025_hb005_gate_2022_latest.mat,stage5,contract_plan_and_hb_smoothing,,2022,completed,5.1.37,000CDCA8,1457974.65732877,0.0556492579078509,0.093524450200932,471.952098152728,77517.2952185263,0.30000578440084,6592683.31521126,1,0.000998746161117382,ff8be0f7506687a7cd3bd96ca781c44463b78e4efab24a4b8ecc869be0a6df82,ok
runs/stage5/joint_grid/rolling/v51_contract_plan_and_hb_smoothing_h2q050_l1_soft_cp025_hb010_gate_2022_latest.mat,stage5,contract_plan_and_hb_smoothing,,2022,completed,5.1.37,000CDCA8,1456913.83105969,0.0547136009002597,0.093524450200932,471.969636230099,77502.1145421139,0.300048769286629,6590032.99245247,1,0.000997641922060642,4165f963844408b458d1847a452a2a0fc7043f06fee458d3a3a61ae241e13320,ok
runs/stage5/joint_grid/rolling/v51_contract_plan_and_hb_smoothing_h2q050_l1_soft_cp025_hb020_gate_2022_latest.mat,stage5,contract_plan_and_hb_smoothing,,2022,completed,5.1.37,000CDCA8,1457732.29750449,0.0524820271985252,0.093524450200932,472.006967675312,77447.6169980697,0.300049092715365,6582507.814987,1,0.000997641922060642,01da6a1f5eb94e2537761405aae5d6fb8eabe96358c1adb14aa433e0135318db,ok
runs/stage5/joint_grid/rolling/v51_contract_plan_and_hb_smoothing_h2q050_l1_soft_cp050_gate_2022_latest.mat,stage5,contract_plan_and_hb_smoothing,,2022,completed,5.1.37,000CDCA8,1455404.87751681,0.0566062753164845,0.093524450200932,471.914980896319,77561.4295271933,0.3,6599315.71303003,1,0.000999279395144358,106927614824aa9e02685bde6c086dba3e0faaacd326382a47eb52757b9772b9,ok
runs/stage5/joint_grid/rolling/v51_contract_plan_and_hb_smoothing_h2q050_l1_soft_cp050_hb005_gate_2022_latest.mat,stage5,contract_plan_and_hb_smoothing,,2022,completed,5.1.37,000CDCA8,1457974.65732877,0.0565979819523398,0.093524450200932,471.951288755013,77524.9479229039,0.300039720993557,6593396.9101777,1,0.000998746161117382,fbccfd5e425891455c74b65c0f4092b0fe757b88ecca6369c2cb04870001c8b3,ok
runs/stage5/joint_grid/rolling/v51_contract_plan_and_hb_smoothing_h2q050_l1_soft_cp050_hb010_gate_2022_latest.mat,stage5,contract_plan_and_hb_smoothing,,2022,completed,5.1.37,000CDCA8,1456913.83105969,0.0555302025012249,0.093524450200932,471.967355650263,77510.0271305311,0.300048568361584,6590882.57052895,1,0.000997641922060642,1ec0cf8ce3d5e1dc70c467c8ab089a907a969f31066972a0f6bad7d2d5cfe325,ok
runs/stage5/joint_grid/rolling/v51_contract_plan_and_hb_smoothing_h2q050_l1_soft_cp050_hb020_gate_2022_latest.mat,stage5,contract_plan_and_hb_smoothing,,2022,completed,5.1.37,000CDCA8,1457732.29750449,0.0530274997640312,0.093524450200932,472.011625134854,77458.6122619725,0.300090833370039,6583081.57545453,1,0.000997641922060642,48e2d108d7050868eba7f1a3b3baf5c56b418295278256ba9282f1a68a77ad71,ok
runs/stage5/joint_grid/rolling/v51_contract_plan_and_hb_smoothing_h2q050_l1_soft_gate_2022_latest.mat,stage5,contract_plan_and_hb_smoothing,,2022,completed,5.1.37,000CDCA8,1455404.87751681,0.0545036998472631,0.093524450200932,471.914830014901,77553.2642374409,0.3,6598632.67054196,1,0.000999279395144358,885fc4c5600a80a8071bc1ac6f719a17ef81399f48cacf2c3faf4cae479273c1,ok
runs/stage5/joint_grid/rolling/v51_contract_plan_and_hb_smoothing_h2q050_l1_soft_hb005_gate_2022_latest.mat,stage5,contract_plan_and_hb_smoothing,,2022,completed,5.1.37,000CDCA8,1457974.65732877,0.0544946269055392,0.093524450200932,471.971660562597,77516.3810860968,0.3,6591089.1629477,1,0.000998746161117382,4a828f57b299defd1d5d83f417ac14b5b152e4484d3366da558e10b06c963570,ok
runs/stage5/joint_grid/rolling/v51_contract_plan_and_hb_smoothing_h2q050_l1_soft_hb010_gate_2022_latest.mat,stage5,contract_plan_and_hb_smoothing,,2022,completed,5.1.37,000CDCA8,1456913.83105969,0.0536475212045969,0.093524450200932,471.970738682506,77500.5740165996,0.3,6589816.56031322,1,0.000997641922060642,2bd286bb77acee8a14aec9694e0c90919ffa6a796bc551ef2f4304feac243042,ok
runs/stage5/joint_grid/rolling/v51_contract_plan_and_hb_smoothing_h2q050_l1_soft_hb020_gate_2022_latest.mat,stage5,contract_plan_and_hb_smoothing,,2022,completed,5.1.37,000CDCA8,1457732.29750449,0.0514615912860571,0.093524450200932,472.007836173721,77448.1355796699,0.300048607174283,6582484.62722716,1,0.000997641922060642,54d293f60df2a935035fbac5a64b2a4ddc1abdb0b98d97fef78fe35ef6f1a3fc,ok
runs/stage5/joint_grid/rolling/v51_contract_plan_and_hb_smoothing_h2q050_l2_soft_cp025_gate_2022_latest.mat,stage5,contract_plan_and_hb_smoothing,,2022,completed,5.1.37,000CDCA8,1455404.87751681,0.0557586191530847,0.093524450200932,471.913134699324,77555.0134887744,0.3,6598912.98611144,1,0.000999279395144358,9505f6b0e11b2e1821d6deed17fe93eaace227eae9b206daa67cad507bb0782b,ok
runs/stage5/joint_grid/rolling/v51_contract_plan_and_hb_smoothing_h2q050_l2_soft_cp025_hb005_gate_2022_latest.mat,stage5,contract_plan_and_hb_smoothing,,2022,completed,5.1.37,000CDCA8,1457974.65732877,0.0557080082577171,0.093524450200932,471.951250817157,77516.6397710036,0.300008321121326,6592693.2533809,1,0.000998746161117382,be39c202bbfe9b2d3da36788890de661713b8e47434b1c4939d74dc53c0e983c,ok
runs/stage5/joint_grid/rolling/v51_contract_plan_and_hb_smoothing_h2q050_l2_soft_cp025_hb010_gate_2022_latest.mat,stage5,contract_plan_and_hb_smoothing,,2022,completed,5.1.37,000CDCA8,1456913.83105969,0.0547780088116432,0.093524450200932,471.968679350832,77501.1158845058,0.300048769915056,6590022.23544373,1,0.000997641922060642,36fc5ffcfa76ea4474acb5808205959bfafc348952ec21a4cec41aaef3f5182f,ok
runs/stage5/joint_grid/rolling/v51_contract_plan_and_hb_smoothing_h2q050_l2_soft_cp025_hb020_gate_2022_latest.mat,stage5,contract_plan_and_hb_smoothing,,2022,completed,5.1.37,000CDCA8,1457732.29750449,0.0525909350522818,0.093524450200932,472.009800935225,77445.4466612893,0.300049617995487,6582103.92840342,1,0.000997641922060642,dac3b2fb93789d2ae21bf24e751d00a4735a300a2089ba696e6d139d94bd0c67,ok
runs/stage5/joint_grid/rolling/v51_contract_plan_and_hb_smoothing_h2q050_l2_soft_cp050_gate_2022_latest.mat,stage5,contract_plan_and_hb_smoothing,,2022,completed,5.1.37,000CDCA8,1455404.87751681,0.0565438897090925,0.093524450200932,471.910920972265,77563.2635744426,0.3,6599786.66393477,1,0.000999279395144358,f45cdbf9f6d70f98a7a6afb8916f8b7f0fc167286e02825996b96991e386cf66,ok
runs/stage5/joint_grid/rolling/v51_contract_plan_and_hb_smoothing_h2q050_l2_soft_cp050_hb005_gate_2022_latest.mat,stage5,contract_plan_and_hb_smoothing,,2022,completed,5.1.37,000CDCA8,1457974.65732877,0.056698645567947,0.093524450200932,471.950440546728,77524.2809430379,0.300042302384193,6593405.94113707,1,0.000998746161117382,996121eae42fdf9cdbfb7ccbbe1a836fbcabfcd6912112f350d12f33cc1da0c5,ok
runs/stage5/joint_grid/rolling/v51_contract_plan_and_hb_smoothing_h2q050_l2_soft_cp050_hb010_gate_2022_latest.mat,stage5,contract_plan_and_hb_smoothing,,2022,completed,5.1.37,000CDCA8,1456913.83105969,0.0555772525242517,0.093524450200932,471.966398839296,77509.028472923,0.300048568987358,6590871.8135202,1,0.000997641922060642,382f2d56f776177043483ffc2d12fbd3fbd1e5b2d69a14160293c1f37a7210ec,ok
runs/stage5/joint_grid/rolling/v51_contract_plan_and_hb_smoothing_h2q050_l2_soft_cp050_hb020_gate_2022_latest.mat,stage5,contract_plan_and_hb_smoothing,,2022,completed,5.1.37,000CDCA8,1457732.29750449,0.0531239616802784,0.093524450200932,472.010969415318,77457.0269433318,0.300090828607599,6582997.63188533,1,0.000997641922060642,64c26b11fdd8928f5846bdc40076d4942a49701e421e5053da562265540a5792,ok
runs/stage5/joint_grid/rolling/v51_contract_plan_and_hb_smoothing_h2q050_l2_soft_gate_2022_latest.mat,stage5,contract_plan_and_hb_smoothing,,2022,completed,5.1.37,000CDCA8,1455404.87751681,0.0543999186951011,0.093524450200932,471.914999154601,77554.2945944789,0.3,6598707.22113558,1,0.000999279395144358,5f2d147eff6a87b3eda452572b0388004af23936191f2b29eea4d890b4358137,ok
runs/stage5/joint_grid/rolling/v51_contract_plan_and_hb_smoothing_h2q050_l2_soft_hb005_gate_2022_latest.mat,stage5,contract_plan_and_hb_smoothing,,2022,completed,5.1.37,000CDCA8,1457974.65732877,0.0545612820125734,0.093524450200932,471.952904079107,77515.69260412,0.3,6592484.54427708,1,0.000998746161117382,d40b2179d4e83e7aaaa5a6d7a4e7f12fc102dbe8d262dbba3a8a2d7579fd1640,ok
runs/stage5/joint_grid/rolling/v51_contract_plan_and_hb_smoothing_h2q050_l2_soft_hb010_gate_2022_latest.mat,stage5,contract_plan_and_hb_smoothing,,2022,completed,5.1.37,000CDCA8,1456913.83105969,0.0536477635004063,0.093524450200932,471.969781798425,77499.5753589916,0.3,6589805.80330448,1,0.000997641922060642,b66ab01af85a3874171cb1f3a74c52a14df6fba828f9fd4b52498bc74a9226c1,ok
runs/stage5/joint_grid/rolling/v51_contract_plan_and_hb_smoothing_h2q050_l2_soft_hb020_gate_2022_latest.mat,stage5,contract_plan_and_hb_smoothing,,2022,completed,5.1.37,000CDCA8,1457732.29750449,0.0515012490554642,0.093524450200932,472.007180441331,77446.5503471934,0.30004860816921,6582400.67910041,1,0.000997641922060642,62fc9740e90ecf49bf726d6de64fc5b848bc56db735c9688621d36a77afc3025,ok
runs/stage5/joint_grid/rolling/v51_contract_plan_and_hb_smoothing_h2q050_l3_soft_cp025_gate_2022_latest.mat,stage5,contract_plan_and_hb_smoothing,,2022,completed,5.1.37,000CDCA8,1455404.87751681,0.0558635934989219,0.093524450200932,471.91486191804,77565.3680032122,0.3,6599660.04693133,1,0.000999279395144358,55beb7618740eba1c66ef58aaa2cc20e1bcfb5ee539c1159b48139cfebd8ed11,ok
runs/stage5/joint_grid/rolling/v51_contract_plan_and_hb_smoothing_h2q050_l3_soft_cp025_hb005_gate_2022_latest.mat,stage5,contract_plan_and_hb_smoothing,,2022,completed,5.1.37,000CDCA8,1457974.65732877,0.0557932277829622,0.093524450200932,471.947065097123,77525.890628284,0.3,6593804.52889504,1,0.000998746161117382,eb32d49a9d64f1325ce3dd38aecea6a7557d93ddb9eb0aaa5267b9dc55335b1c,ok
runs/stage5/joint_grid/rolling/v51_contract_plan_and_hb_smoothing_h2q050_l3_soft_cp025_hb010_gate_2022_latest.mat,stage5,contract_plan_and_hb_smoothing,,2022,completed,5.1.37,000CDCA8,1457487.25694634,0.0548193797478026,0.093524450200932,471.97348189606,77511.7087501427,0.30000612951124,6590550.70731137,1,0.000997641922060642,956c5bd3cae863f16a13253c9b9efa5cc383f519025a689cec81ae0877b564a0,ok
runs/stage5/joint_grid/rolling/v51_contract_plan_and_hb_smoothing_h2q050_l3_soft_cp025_hb020_gate_2022_latest.mat,stage5,contract_plan_and_hb_smoothing,,2022,completed,5.1.37,000CDCA8,1457732.29750449,0.0526435990865384,0.093524450200932,472.001301470364,77461.3907197139,0.300048598856657,6584117.39747132,1,0.000997641922060642,a2100f6cda1cc1635190f8a9f87c3fa17752d1361169a8212f7ea0629df4cf8b,ok
runs/stage5/joint_grid/rolling/v51_contract_plan_and_hb_smoothing_h2q050_l3_soft_cp050_gate_2022_latest.mat,stage5,contract_plan_and_hb_smoothing,,2022,completed,5.1.37,000CDCA8,1455404.87751681,0.0564018192005212,0.093524450200932,471.913748328583,77573.0748155901,0.3,6600402.16668498,1,0.000999279395144358,9c231b49a6a72fb88b09753a89ca4dc7f82d4254ad619ad86b71db4535551552,ok
runs/stage5/joint_grid/rolling/v51_contract_plan_and_hb_smoothing_h2q050_l3_soft_cp050_hb005_gate_2022_latest.mat,stage5,contract_plan_and_hb_smoothing,,2022,completed,5.1.37,000CDCA8,1457974.65732877,0.0568549614601169,0.093524450200932,471.943304810874,77534.0172144582,0.300003066022295,6594787.26899863,1,0.000998746161117382,7565872384fd880430701c23295634854152bd83c4c781e34284b5d8497b9757,ok
runs/stage5/joint_grid/rolling/v51_contract_plan_and_hb_smoothing_h2q050_l3_soft_cp050_hb010_gate_2022_latest.mat,stage5,contract_plan_and_hb_smoothing,,2022,completed,5.1.37,000CDCA8,1457487.25694634,0.0553214263773326,0.093524450200932,471.969779701193,77522.8060957765,0.300026736562658,6591781.28050559,1,0.000997641922060642,a2a7595a52f619a04f20ca65684bee8494eabc693b4e4ebef986dcfb229c93d2,ok
runs/stage5/joint_grid/rolling/v51_contract_plan_and_hb_smoothing_h2q050_l3_soft_cp050_hb020_gate_2022_latest.mat,stage5,contract_plan_and_hb_smoothing,,2022,completed,5.1.37,000CDCA8,1457732.29750449,0.0530712520454691,0.093524450200932,472.004638984845,77472.0489084016,0.300049080447253,6584764.76555335,1,0.000997641922060642,0f5fdcfc86fa3756617250a4ff3e2421f10d2a4411b28395268e02b1bc7b5850,ok
runs/stage5/joint_grid/rolling/v51_contract_plan_and_hb_smoothing_h2q050_l3_soft_gate_2022_latest.mat,stage5,contract_plan_and_hb_smoothing,,2022,completed,5.1.37,000CDCA8,1455404.87751681,0.0545251914954439,0.093524450200932,471.915830243492,77564.0214647204,0.3,6599470.36930174,1,0.000999279395144358,deca8470ecc45625e5f6349a18296a08eb0119f0b6755fab6d4d3284ddf888e6,ok
runs/stage5/joint_grid/rolling/v51_contract_plan_and_hb_smoothing_h2q050_l3_soft_hb005_gate_2022_latest.mat,stage5,contract_plan_and_hb_smoothing,,2022,completed,5.1.37,000CDCA8,1457974.65732877,0.0546530919152944,0.093524450200932,471.948910928978,77525.0518253302,0.3,6593590.08803178,1,0.000998746161117382,632897ac7394a2d8fc129d16e17be19347a56b71fa430c1003dfa223ab501c73,ok
runs/stage5/joint_grid/rolling/v51_contract_plan_and_hb_smoothing_h2q050_l3_soft_hb010_gate_2022_latest.mat,stage5,contract_plan_and_hb_smoothing,,2022,completed,5.1.37,000CDCA8,1457487.25694634,0.053615026397335,0.093524450200932,471.975563445921,77510.6702204813,0.3,6590301.06242548,1,0.000997641922060642,8fb21576d303a24b4caf05757ba1b7023535b91fbbd2f218fc501c04a07f5cca,ok
runs/stage5/joint_grid/rolling/v51_contract_plan_and_hb_smoothing_h2q050_l3_soft_hb020_gate_2022_latest.mat,stage5,contract_plan_and_hb_smoothing,,2022,completed,5.1.37,000CDCA8,1457732.29750449,0.0514518894611687,0.093524450200932,472.002794376673,77461.6692950589,0.300041923822042,6584025.43299825,1,0.000997641922060642,bcdf1e8f7996ac05d3772ac523c1d1549c8cf30daabd414ea7a2d042f96005e1,ok
runs/stage5/joint_grid/rolling/v51_contract_plan_and_hb_smoothing_h2q075_l1_soft_cp025_gate_2022_latest.mat,stage5,contract_plan_and_hb_smoothing,,2022,completed,5.1.37,000CDCA8,1457117.59165559,0.0560354802959281,0.093524450200932,471.908509007517,77549.0423515481,0.3,6598763.63873241,1,0.000999279395144358,79250c02793c8bb77dc1a9e0b58ee0b88fb5ac8fc0299c46211667379bd4cda3,ok
runs/stage5/joint_grid/rolling/v51_contract_plan_and_hb_smoothing_h2q075_l1_soft_cp025_hb005_gate_2022_latest.mat,stage5,contract_plan_and_hb_smoothing,,2022,completed,5.1.37,000CDCA8,1457974.65732877,0.0557279653353016,0.093524450200932,471.903208461556,77521.9197541053,0.3,6596866.64497508,1,0.000998746161117382,53865b8e893f3dc4ff9863c7d0240267477b19288b826f072bbf19999ddd625b,ok
runs/stage5/joint_grid/rolling/v51_contract_plan_and_hb_smoothing_h2q075_l1_soft_cp025_hb010_gate_2022_latest.mat,stage5,contract_plan_and_hb_smoothing,,2022,completed,5.1.37,000CDCA8,1457487.25694634,0.0548140159106221,0.093524450200932,471.96701781749,77493.9763791245,0.300048774408219,6589543.91269792,1,0.000997641922060642,fad02ca0598e68affcc64af6ff565691f4dbdaa4985f88c1079aaa63548fb994,ok
runs/stage5/joint_grid/rolling/v51_contract_plan_and_hb_smoothing_h2q075_l1_soft_cp025_hb020_gate_2022_latest.mat,stage5,contract_plan_and_hb_smoothing,,2022,completed,5.1.37,000CDCA8,1457974.65732877,0.0521692485910701,0.093524450200932,472.022294413183,77441.0907302556,0.300049368488837,6580766.20839766,1,0.000999301233522232,ebff53d1682bb7248c2824a04c2ba5e2ce878487f1c599e98d8a31465421cfc7,ok
runs/stage5/joint_grid/rolling/v51_contract_plan_and_hb_smoothing_h2q075_l1_soft_cp050_gate_2022_latest.mat,stage5,contract_plan_and_hb_smoothing,,2022,completed,5.1.37,000CDCA8,1457117.59165559,0.0567076067151233,0.093524450200932,471.924363364942,77557.2924372163,0.3,6598236.02978754,1,0.000999279395144358,28e21afcffd966ac86e1ca4f900113d7435b12c8878451fdef37a16c5be5881e,ok
runs/stage5/joint_grid/rolling/v51_contract_plan_and_hb_smoothing_h2q075_l1_soft_cp050_hb005_gate_2022_latest.mat,stage5,contract_plan_and_hb_smoothing,,2022,completed,5.1.37,000CDCA8,1457974.65732877,0.0568176109895909,0.093524450200932,471.902318131697,77529.5132539239,0.300030319711783,6597581.85428683,1,0.000998746161117382,605ce61fefbf3953aa1281d2c141fb924215f29f327787e879eddb1a399475ab,ok
runs/stage5/joint_grid/rolling/v51_contract_plan_and_hb_smoothing_h2q075_l1_soft_cp050_hb010_gate_2022_latest.mat,stage5,contract_plan_and_hb_smoothing,,2022,completed,5.1.37,000CDCA8,1457487.25694634,0.055610234344942,0.093524450200932,471.964730576945,77501.822888943,0.300048769470157,6590388.39013918,1,0.000997641922060642,0d5c12a1d2b79c7177d17b13a5c71efc1d8a958c575197cd9c8d2aa111bc14de,ok
runs/stage5/joint_grid/rolling/v51_contract_plan_and_hb_smoothing_h2q075_l1_soft_cp050_hb020_gate_2022_latest.mat,stage5,contract_plan_and_hb_smoothing,,2022,completed,5.1.37,000CDCA8,1457974.65732877,0.0530421453177375,0.093524450200932,472.026556129065,77452.1398465467,0.300090840960679,6581375.05793434,1,0.000999301233522232,8f37de0419ba040d4c0cbed7cda2c2a244dab78fce14be0eb65dacb65f548c4f,ok
runs/stage5/joint_grid/rolling/v51_contract_plan_and_hb_smoothing_h2q075_l1_soft_gate_2022_latest.mat,stage5,contract_plan_and_hb_smoothing,,2022,completed,5.1.37,000CDCA8,1457117.59165559,0.0545260486231314,0.093524450200932,471.909477426513,77547.6958130563,0.3,6598573.96110279,1,0.000999279395144358,a230b089299865915f1a76518f951aa2b8ba6bb602a57a5ec2107ff022dfe2ad,ok
runs/stage5/joint_grid/rolling/v51_contract_plan_and_hb_smoothing_h2q075_l1_soft_hb005_gate_2022_latest.mat,stage5,contract_plan_and_hb_smoothing,,2022,completed,5.1.37,000CDCA8,1457974.65732877,0.0545303246220983,0.093524450200932,471.905053913418,77521.0809511515,0.300000000000001,6596652.20411181,1,0.000998746161117382,0ecf57a93e4c2c3eef940c76a2f4ac7fa811329f4d0dc62a75fcd0dd92433f18,ok
runs/stage5/joint_grid/rolling/v51_contract_plan_and_hb_smoothing_h2q075_l1_soft_hb010_gate_2022_latest.mat,stage5,contract_plan_and_hb_smoothing,,2022,completed,5.1.37,000CDCA8,1457487.25694634,0.0536660166818494,0.093524450200932,472.096784554217,77492.4358536103,0.3,6579356.97669756,1,0.000997641922060642,5be3e1c03ccbfeabe192a15169b653d77a40929eb1a6b1b8c779cd2bfd1fbd05,ok
runs/stage5/joint_grid/rolling/v51_contract_plan_and_hb_smoothing_h2q075_l1_soft_hb020_gate_2022_latest.mat,stage5,contract_plan_and_hb_smoothing,,2022,completed,5.1.37,000CDCA8,1457974.65732877,0.05134212796041,0.093524450200932,472.022768871196,77441.6631642441,0.300048611236771,6580778.10970698,1,0.000999301233522232,2819c9823fd2865c962eef8e3b9a90fcc451d8c9b795ff31f5dae5284b950d64,ok
runs/stage5/joint_grid/rolling/v51_contract_plan_and_hb_smoothing_h2q075_l2_soft_cp025_gate_2022_latest.mat,stage5,contract_plan_and_hb_smoothing,,2022,completed,5.1.37,000CDCA8,1455404.87751681,0.0559635754538025,0.093524450200932,471.914747514959,77559.8403089941,0.3,6599198.59539019,1,0.000999279395144358,3b12d7bd283934ace3807b0ea9b22c09cee6aabdfa92c8614df96ef57f560157,ok
runs/stage5/joint_grid/rolling/v51_contract_plan_and_hb_smoothing_h2q075_l2_soft_cp025_hb005_gate_2022_latest.mat,stage5,contract_plan_and_hb_smoothing,,2022,completed,5.1.37,000CDCA8,1457974.65732877,0.0557893998236121,0.093524450200932,471.947600040074,77524.3133991544,0.3,6593628.90984355,1,0.000998746161117382,ffeee0e6c76b31f9364e4bebd6e6752c504ebc565ab4deebad47977c240bc7b2,ok
runs/stage5/joint_grid/rolling/v51_contract_plan_and_hb_smoothing_h2q075_l2_soft_cp025_hb010_gate_2022_latest.mat,stage5,contract_plan_and_hb_smoothing,,2022,completed,5.1.37,000CDCA8,1457487.25694634,0.0548043172950596,0.093524450200932,471.973832444357,77506.3108326104,0.300027023401414,6590064.57147329,1,0.000997641922060642,ba3fdfd828f4f69b41603f3524deab9c10786c021eb80cc0f3b87e5d83016ff5,ok
runs/stage5/joint_grid/rolling/v51_contract_plan_and_hb_smoothing_h2q075_l2_soft_cp025_hb020_gate_2022_latest.mat,stage5,contract_plan_and_hb_smoothing,,2022,completed,5.1.37,000CDCA8,1457732.29750449,0.052641558053746,0.093524450200932,472.000817890132,77455.9966073816,0.30004860224113,6583696.36113216,1,0.000997641922060642,617b669fb298d320072daa006efd16465634c150b9b2b7154ec06cc89f91f8ba,ok
runs/stage5/joint_grid/rolling/v51_contract_plan_and_hb_smoothing_h2q075_l2_soft_cp050_gate_2022_latest.mat,stage5,contract_plan_and_hb_smoothing,,2022,completed,5.1.37,000CDCA8,1455404.87751681,0.0565173383813804,0.093524450200932,471.913633857511,77567.547121372,0.3,6599940.71514381,1,0.000999279395144358,ad86396448da81490276f4b12540b35dbf7d4017c3fccc38791ec8279c145afc,ok
runs/stage5/joint_grid/rolling/v51_contract_plan_and_hb_smoothing_h2q075_l2_soft_cp050_hb005_gate_2022_latest.mat,stage5,contract_plan_and_hb_smoothing,,2022,completed,5.1.37,000CDCA8,1457974.65732877,0.0566565106838231,0.093524450200932,471.943197389341,77532.7138398996,0.300008109265907,6594684.73694904,1,0.000998746161117382,44d4e8cfb466a240c72da2298b26d867ef6849d05bcd544856fae6d0243e3c38,ok
runs/stage5/joint_grid/rolling/v51_contract_plan_and_hb_smoothing_h2q075_l2_soft_cp050_hb010_gate_2022_latest.mat,stage5,contract_plan_and_hb_smoothing,,2022,completed,5.1.37,000CDCA8,1457487.25694634,0.0553099015101964,0.093524450200932,471.969811645502,77515.3414237858,0.300048565031837,6591144.0816277,1,0.000997641922060642,6cc39c82998fa7d22be2902c24c476f30de6bb13830cd9cc225d30268f3829b3,ok
runs/stage5/joint_grid/rolling/v51_contract_plan_and_hb_smoothing_h2q075_l2_soft_cp050_hb020_gate_2022_latest.mat,stage5,contract_plan_and_hb_smoothing,,2022,completed,5.1.37,000CDCA8,1457732.29750449,0.0529085969133109,0.093524450200932,472.004616394136,77466.9136141102,0.300068970749552,6584330.03939363,1,0.000997641922060642,ea4bfb6c038f55e3687bc00f7338d949469135824496da430ff8d515d429601a,ok
runs/stage5/joint_grid/rolling/v51_contract_plan_and_hb_smoothing_h2q075_l2_soft_gate_2022_latest.mat,stage5,contract_plan_and_hb_smoothing,,2022,completed,5.1.37,000CDCA8,1455404.87751681,0.0545233931959985,0.093524450200932,471.915715907438,77558.4937705022,0.3,6599008.91776058,1,0.000999279395144358,50433721e4cfb58537eb812fc2a6faf8008bd342eb06e17efe86098237c96b17,ok
runs/stage5/joint_grid/rolling/v51_contract_plan_and_hb_smoothing_h2q075_l2_soft_hb005_gate_2022_latest.mat,stage5,contract_plan_and_hb_smoothing,,2022,completed,5.1.37,000CDCA8,1457974.65732877,0.054687003187035,0.093524450200932,471.949445915271,77523.4745962006,0.3,6593414.46898028,1,0.000998746161117382,70f51bae3594de9b464d9fe0d6a464f1d779553b468fbddded8f4723372c0a93,ok
runs/stage5/joint_grid/rolling/v51_contract_plan_and_hb_smoothing_h2q075_l2_soft_hb010_gate_2022_latest.mat,stage5,contract_plan_and_hb_smoothing,,2022,completed,5.1.37,000CDCA8,1457487.25694634,0.0536915670340352,0.093524450200932,471.975430032023,77505.0002487371,0.3,6589829.31651681,1,0.000997641922060642,a5df82f2b9e3bcbdc5657c8953f0185b4e70c523eb8ba63b97bd08f9728fad13,ok
runs/stage5/joint_grid/rolling/v51_contract_plan_and_hb_smoothing_h2q075_l2_soft_hb020_gate_2022_latest.mat,stage5,contract_plan_and_hb_smoothing,,2022,completed,5.1.37,000CDCA8,1457732.29750449,0.0514986279087333,0.093524450200932,472.002465540326,77456.362046153,0.300048602011824,6583599.80213889,1,0.000997641922060642,3624c53ebca0b64b8cc0c477d583c84015e0804c2262b91bb6275ffdbc0be8ac,ok
runs/stage5/joint_grid/rolling/v51_contract_plan_and_hb_smoothing_h2q075_l3_soft_cp025_gate_2022_latest.mat,stage5,contract_plan_and_hb_smoothing,,2022,completed,5.1.37,000CDCA8,1455404.87751681,0.0559099015457581,0.093524450200932,471.903848243087,77587.2964619295,0.298800250978777,6602380.35413295,1,0.000999279395144358,2a0091cd676d8d15660cbc85dd912a2e9ca4a504979b2524ca9c7685e7c0f47d,ok
runs/stage5/joint_grid/rolling/v51_contract_plan_and_hb_smoothing_h2q075_l3_soft_cp025_hb005_gate_2022_latest.mat,stage5,contract_plan_and_hb_smoothing,,2022,completed,5.1.37,000CDCA8,1457974.65732877,0.0561143300683187,0.093524450200932,471.885193367295,77584.3602184065,0.3,6603577.81771183,1,0.000998746161117382,b9be0300d0b45584995284321eadd5950542b40325525db685a126db1619fdda,ok
runs/stage5/joint_grid/rolling/v51_contract_plan_and_hb_smoothing_h2q075_l3_soft_cp025_hb010_gate_2022_latest.mat,stage5,contract_plan_and_hb_smoothing,,2022,completed,5.1.37,000CDCA8,1457487.25694634,0.0551101423340221,0.093524450200932,471.826368886813,77564.7883751277,0.3,6606474.67243553,1,0.000998730186041408,2ade077897721bead79cf8ac287ad5d6a10cbf6f661e2184f049eccfca5e4ac8,ok
runs/stage5/joint_grid/rolling/v51_contract_plan_and_hb_smoothing_h2q075_l3_soft_cp025_hb020_gate_2022_latest.mat,stage5,contract_plan_and_hb_smoothing,,2022,completed,5.1.37,000CDCA8,1457974.65732877,0.0526197106653027,0.093524450200932,471.905914910885,77510.9216129595,0.30002137109291,6595720.95906886,1,0.000999731223424368,65a769e42505709adf25421fd764904d57581de779a122b08fc5990178fa3da4,ok
runs/stage5/joint_grid/rolling/v51_contract_plan_and_hb_smoothing_h2q075_l3_soft_cp050_gate_2022_latest.mat,stage5,contract_plan_and_hb_smoothing,,2022,completed,5.1.37,000CDCA8,1455404.87751681,0.0564101785286173,0.093524450200932,471.888416068149,77587.2964619295,0.298104507819174,6603577.6948649,1,0.000999279395144358,924b9087ff66b3d131051104e62c7e37e9fc12e0ceb7c7d42584dd9012091f6c,ok
runs/stage5/joint_grid/rolling/v51_contract_plan_and_hb_smoothing_h2q075_l3_soft_cp050_hb005_gate_2022_latest.mat,stage5,contract_plan_and_hb_smoothing,,2022,completed,5.1.37,000CDCA8,1457974.65732877,0.0565629911893287,0.093524450200932,471.928460214049,77584.3602184065,0.29987604894512,6600220.98708774,1,0.000998746161117382,0c2ac77f29d71de8f54a59a0b59011648ad94417a1433498900386696bfed541,ok
runs/stage5/joint_grid/rolling/v51_contract_plan_and_hb_smoothing_h2q075_l3_soft_cp050_hb010_gate_2022_latest.mat,stage5,contract_plan_and_hb_smoothing,,2022,completed,5.1.37,000CDCA8,1457487.25694634,0.0554787115850521,0.093524450200932,471.825285909209,77575.0257508495,0.300000000000001,6607430.63891435,1,0.000997641922060642,fcbd349fc6f70273e0247c5ebbbdb7550986780c458ab1f57e819d522d0ea4a1,ok
runs/stage5/joint_grid/rolling/v51_contract_plan_and_hb_smoothing_h2q075_l3_soft_cp050_hb020_gate_2022_latest.mat,stage5,contract_plan_and_hb_smoothing,,2022,completed,5.1.37,000CDCA8,1457974.65732877,0.0530614962789227,0.093524450200932,471.907115985162,77523.63177698,0.300035734033615,6596709.40720758,1,0.000999731223424368,2f1e83bb4cdd6d78c68149d64f42b0f0c9c91c48154840f4ff159f6241b090d8,ok
runs/stage5/joint_grid/rolling/v51_contract_plan_and_hb_smoothing_h2q075_l3_soft_gate_2022_latest.mat,stage5,contract_plan_and_hb_smoothing,,2022,completed,5.1.37,000CDCA8,1455404.87751681,0.0547861901951623,0.093524450200932,471.903913916113,77587.2964619296,0.298803372089355,6602375.25874041,1,0.000999279395144358,1e54c0460c51adf094ae167c4ead005d73e858bc469481d459746060ebde6f74,ok
runs/stage5/joint_grid/rolling/v51_contract_plan_and_hb_smoothing_h2q075_l3_soft_hb005_gate_2022_latest.mat,stage5,contract_plan_and_hb_smoothing,,2022,completed,5.1.37,000CDCA8,1457974.65732877,0.0549575477456492,0.093524450200932,471.884848529771,77584.3602184065,0.3,6603604.5717105,1,0.000998746161117382,5de8102430b11ddd9f097798ecb3c01d3184b26e8f05df11902bace15a2c85c3,ok
runs/stage5/joint_grid/rolling/v51_contract_plan_and_hb_smoothing_h2q075_l3_soft_hb010_gate_2022_latest.mat,stage5,contract_plan_and_hb_smoothing,,2022,completed,5.1.37,000CDCA8,1457487.25694634,0.054145834007232,0.093524450200932,471.826128733751,77563.3353480894,0.3,6606369.5399191,1,0.000998730186041408,f15b2b36878323e598de1409810476c487556ee35490c1b157b475a971285629,ok
runs/stage5/joint_grid/rolling/v51_contract_plan_and_hb_smoothing_h2q075_l3_soft_hb020_gate_2022_latest.mat,stage5,contract_plan_and_hb_smoothing,,2022,completed,5.1.37,000CDCA8,1457974.65732877,0.0517331602453023,0.093524450200932,471.90597916163,77509.2210738933,0.3,6595571.27322768,1,0.000999731223424368,6551811832d134adbcb5bc02b9f2e1811ee61c7c4c648e7a814e1397bbd52e5e,ok
runs/stage5/joint_grid/rolling/v51_contract_plan_and_hb_smoothing_h2q090_l1_soft_cp025_gate_2022_latest.mat,stage5,contract_plan_and_hb_smoothing,,2022,completed,5.1.37,000CDCA8,1457117.59165559,0.0560075839951303,0.093524450200932,472.05681353531,77546.3924672933,0.3,6587037.67501332,1,0.00099881681251988,1a9fd702186ca0f9d83052612135827c2c282ca00e0f2149ee7de2e0e1f88b16,ok
runs/stage5/joint_grid/rolling/v51_contract_plan_and_hb_smoothing_h2q090_l1_soft_cp025_hb005_gate_2022_latest.mat,stage5,contract_plan_and_hb_smoothing,,2022,completed,5.1.37,000CDCA8,1457974.65732877,0.0556284088608666,0.093524450200932,471.957529324174,77514.0598952049,0.300002241052031,6591987.16560221,1,0.000998746161117382,c89a14a046add87d21c5dacb88a85312f315c80b82c786e61d9c23fee1569088,ok
runs/stage5/joint_grid/rolling/v51_contract_plan_and_hb_smoothing_h2q090_l1_soft_cp025_hb010_gate_2022_latest.mat,stage5,contract_plan_and_hb_smoothing,,2022,completed,5.1.37,000CDCA8,1457487.25694634,0.0546490070052683,0.093524450200932,472.008657701434,77494.4078309066,0.300048774136667,6586353.74218126,1,0.000997641922060642,dd98ca871c974354ef51c2a86de8baf133eb795deb8da1fa32aab890c7d7a7ba,ok
runs/stage5/joint_grid/rolling/v51_contract_plan_and_hb_smoothing_h2q090_l1_soft_cp025_hb020_gate_2022_latest.mat,stage5,contract_plan_and_hb_smoothing,,2022,completed,5.1.37,000CDCA8,1457732.29750449,0.0525731941948169,0.093524450200932,472.029262210468,77442.4386581586,0.300049361006771,6580341.14900435,1,0.000997641922060642,ee2bd9f9a94d1f12979f556a114403939c995ebc7a9802f34c47dc2956ec1a17,ok
runs/stage5/joint_grid/rolling/v51_contract_plan_and_hb_smoothing_h2q090_l1_soft_cp050_gate_2022_latest.mat,stage5,contract_plan_and_hb_smoothing,,2022,completed,5.1.37,000CDCA8,1457117.59165559,0.0567488027780053,0.093524450200932,471.950446872402,77553.2112185539,0.3,6595865.9577482,1,0.00099881681251988,7cf19d7a84e06e4438487addc3983bca1a57c46dcefaca52a9256883f192333c,ok
runs/stage5/joint_grid/rolling/v51_contract_plan_and_hb_smoothing_h2q090_l1_soft_cp050_hb005_gate_2022_latest.mat,stage5,contract_plan_and_hb_smoothing,,2022,completed,5.1.37,000CDCA8,1457974.65732877,0.0566671527928023,0.093524450200932,471.956719356531,77521.7125995826,0.300036179410861,6592700.76056865,1,0.000998746161117382,aa2bfbfd380496fb8cce5c487d1b3879873cfebb7fd6de2ccae992bcc0045e17,ok
runs/stage5/joint_grid/rolling/v51_contract_plan_and_hb_smoothing_h2q090_l1_soft_cp050_hb010_gate_2022_latest.mat,stage5,contract_plan_and_hb_smoothing,,2022,completed,5.1.37,000CDCA8,1457487.25694634,0.0552900367310165,0.093524450200932,472.005639598818,77502.6896065943,0.300048572959767,6587291.53248385,1,0.000997641922060642,a0973815fd831e0073b86932581351bdc3516622861443e63d3543317a6f938b,ok
runs/stage5/joint_grid/rolling/v51_contract_plan_and_hb_smoothing_h2q090_l1_soft_cp050_hb020_gate_2022_latest.mat,stage5,contract_plan_and_hb_smoothing,,2022,completed,5.1.37,000CDCA8,1457732.29750449,0.0531325421915419,0.093524450200932,472.033525156691,77453.5010340723,0.300090839364217,6580950.94713769,1,0.000997641922060642,3641ca12ef88cc25f12d06b61adf30163b5f125b15f43153585efbd18605d1aa,ok
runs/stage5/joint_grid/rolling/v51_contract_plan_and_hb_smoothing_h2q090_l1_soft_gate_2022_latest.mat,stage5,contract_plan_and_hb_smoothing,,2022,completed,5.1.37,000CDCA8,1457117.59165559,0.0546635531037827,0.093524450200932,471.950299709467,77545.0459288015,0.3,6595182.91526014,1,0.00099881681251988,5789de77835f29626d66abb1156dd7f5d7676f450b9daa77a49f320978f58f51,ok
runs/stage5/joint_grid/rolling/v51_contract_plan_and_hb_smoothing_h2q090_l1_soft_hb005_gate_2022_latest.mat,stage5,contract_plan_and_hb_smoothing,,2022,completed,5.1.37,000CDCA8,1457974.65732877,0.0545251805620787,0.093524450200932,471.959261001478,77512.8093264563,0.3,6591746.58697335,1,0.000998746161117382,8aec83109e3e9bd36047a5c16519f30a9f721c8deccf1d6f1465478ae19b12a5,ok
runs/stage5/joint_grid/rolling/v51_contract_plan_and_hb_smoothing_h2q090_l1_soft_hb010_gate_2022_latest.mat,stage5,contract_plan_and_hb_smoothing,,2022,completed,5.1.37,000CDCA8,1457487.25694634,0.0535394255057069,0.093524450200932,472.009698654496,77492.4847232992,0.3,6586109.62864508,1,0.000997641922060642,2cc7bc42fce9e74b2b35d290a75f5dae549030930ace360f83273f12391b4b3a,ok
runs/stage5/joint_grid/rolling/v51_contract_plan_and_hb_smoothing_h2q090_l1_soft_hb020_gate_2022_latest.mat,stage5,contract_plan_and_hb_smoothing,,2022,completed,5.1.37,000CDCA8,1457732.29750449,0.0514780037266152,0.093524450200932,472.029674229068,77442.6273265194,0.300048610631561,6580325.27249122,1,0.000997641922060642,1350b9981d2e8999569f6d02b97e03b5f6fce855dc993ebffbc243a566227617,ok
runs/stage5/joint_grid/rolling/v51_contract_plan_and_hb_smoothing_h2q090_l2_soft_cp025_gate_2022_latest.mat,stage5,contract_plan_and_hb_smoothing,,2022,completed,5.1.37,000CDCA8,1455337.65456567,0.0559629306879547,0.093524450200932,471.785198583656,77591.1965238848,0.3,6611918.40343937,1,0.000999279395144358,adb72058cde84328508f3bd2a50ab92921b1418684adab81b926b7bf3620c81c,ok
runs/stage5/joint_grid/rolling/v51_contract_plan_and_hb_smoothing_h2q090_l2_soft_cp025_hb005_gate_2022_latest.mat,stage5,contract_plan_and_hb_smoothing,,2022,completed,5.1.37,000CDCA8,1457974.65732877,0.0559267618455823,0.093524450200932,471.839565434983,77558.5427441519,0.3,6604919.20432144,1,0.000998746161117382,986acb6b7ba1e2fdcd23a8e2fbb038559e5e1bb68836ba157a05b5db80856017,ok
runs/stage5/joint_grid/rolling/v51_contract_plan_and_hb_smoothing_h2q090_l2_soft_cp025_hb010_gate_2022_latest.mat,stage5,contract_plan_and_hb_smoothing,,2022,completed,5.1.37,000CDCA8,1457487.25694634,0.0550002443867241,0.093524450200932,471.918925791064,77513.3634485491,0.300032661891217,6594920.22775024,1,0.000998730186041408,e82fea82c789c979154de1bbb8fc56f2828777356352601ed6b6af549fb64838,ok
runs/stage5/joint_grid/rolling/v51_contract_plan_and_hb_smoothing_h2q090_l2_soft_cp025_hb020_gate_2022_latest.mat,stage5,contract_plan_and_hb_smoothing,,2022,completed,5.1.37,000CDCA8,1457732.29750449,0.052864959544631,0.093524450200932,471.929930627381,77480.8406942099,0.300048586656912,6591300.49290527,1,0.000997641922060642,b9b2a6b6f08888dcc4fea0dc79ca4e965b36637d84ae92c13f72f32e935521e3,ok
runs/stage5/joint_grid/rolling/v51_contract_plan_and_hb_smoothing_h2q090_l2_soft_cp050_gate_2022_latest.mat,stage5,contract_plan_and_hb_smoothing,,2022,completed,5.1.37,000CDCA8,1455337.65456567,0.0564953268092969,0.093524450200932,471.821813804059,77591.3517533148,0.3,6609090.60683863,1,0.000999279395144358,d8fdd6cb864ccf05e2c3361a57689913e6622212e0b574647f6b80aa36ce1f0b,ok
runs/stage5/joint_grid/rolling/v51_contract_plan_and_hb_smoothing_h2q090_l2_soft_cp050_hb005_gate_2022_latest.mat,stage5,contract_plan_and_hb_smoothing,,2022,completed,5.1.37,000CDCA8,1457974.65732877,0.0564540339898173,0.093524450200932,471.840072062353,77566.4136578591,0.3,6605550.19748501,1,0.000998746161117382,744099320746ac3451116d9e15e4031b5f6032882689eefdbaf87b7ed5931942,ok
runs/stage5/joint_grid/rolling/v51_contract_plan_and_hb_smoothing_h2q090_l2_soft_cp050_hb010_gate_2022_latest.mat,stage5,contract_plan_and_hb_smoothing,,2022,completed,5.1.37,000CDCA8,1457487.25694634,0.0555885312512696,0.093524450200932,471.915287121622,77522.9870833943,0.300048560242138,6596021.0974648,1,0.000997641922060642,cea9137cc0798095ef8318d492a404d1803db4e23d70487551f2f8dcecbdffe4,ok
runs/stage5/joint_grid/rolling/v51_contract_plan_and_hb_smoothing_h2q090_l2_soft_cp050_hb020_gate_2022_latest.mat,stage5,contract_plan_and_hb_smoothing,,2022,completed,5.1.37,000CDCA8,1457732.29750449,0.0531936525866667,0.093524450200932,471.928406253181,77493.2897730819,0.30004877484037,6592477.66568013,1,0.000997641922060642,32dd71f492f9d9dfb98a82aa42f612c804c06c5ecefe48e01169c8dc0ec051af,ok
runs/stage5/joint_grid/rolling/v51_contract_plan_and_hb_smoothing_h2q090_l2_soft_gate_2022_latest.mat,stage5,contract_plan_and_hb_smoothing,,2022,completed,5.1.37,000CDCA8,1455337.65456567,0.0546057671183299,0.093524450200932,471.786164336515,77589.849985393,0.3,6611728.72580977,1,0.000999279395144358,8466c377f9e0a90d67a44aef06f5b322e4472e77c44b8b4241d5a7087a49b62b,ok
runs/stage5/joint_grid/rolling/v51_contract_plan_and_hb_smoothing_h2q090_l2_soft_hb005_gate_2022_latest.mat,stage5,contract_plan_and_hb_smoothing,,2022,completed,5.1.37,000CDCA8,1457974.65732877,0.0547965365328541,0.093524450200932,471.839743506085,77557.2200121624,0.3,6604792.74919075,1,0.000998746161117382,a6af392fd4aa338c4d9996fc910ebb8495c46be60ce9a45a8b82c8919eeef8ac,ok
runs/stage5/joint_grid/rolling/v51_contract_plan_and_hb_smoothing_h2q090_l2_soft_hb010_gate_2022_latest.mat,stage5,contract_plan_and_hb_smoothing,,2022,completed,5.1.37,000CDCA8,1457487.25694634,0.0538901861857217,0.093524450200932,471.91833725474,77511.5486556435,0.3,6594811.44158228,1,0.000998730186041408,752db89b7afc5b954c75417bbb3e4aa6b65ffeb0823b61c3f9924c02d4cbcadb,ok
runs/stage5/joint_grid/rolling/v51_contract_plan_and_hb_smoothing_h2q090_l2_soft_hb020_gate_2022_latest.mat,stage5,contract_plan_and_hb_smoothing,,2022,completed,5.1.37,000CDCA8,1457732.29750449,0.0517930517119084,0.093524450200932,471.930511624386,77479.544319279,0.300048587469855,6591145.19481678,1,0.000997641922060642,29d09441a248fc3491a8ed74784c097afdcab45f5791a7668fc1886f6f454141,ok
runs/stage5/joint_grid/rolling/v51_contract_plan_and_hb_smoothing_h2q090_l3_soft_cp025_gate_2022_latest.mat,stage5,contract_plan_and_hb_smoothing,,2022,completed,5.1.37,000CDCA8,1455404.87751681,0.0569755566081558,0.093524450200932,472.006062767012,77565.8706577015,0.299326779670629,6592628.74210275,1,0.000999035522622929,aee3f30c9e58bd46ec1231e4c3cedbf4db2a5553a16f6e13a18abf0df6e70f80,ok
runs/stage5/joint_grid/rolling/v51_contract_plan_and_hb_smoothing_h2q090_l3_soft_cp025_hb005_gate_2022_latest.mat,stage5,contract_plan_and_hb_smoothing,,2022,completed,5.1.37,000CDCA8,1457325.01451175,0.0567523120190384,0.093524450200932,471.956281030123,77564.1729113333,0.3,6596345.72320235,1,0.000998746161117382,cc5c52189bbed390916ebaec3e187b4268935be5db8df4a00004c5b0ddacf804,ok
runs/stage5/joint_grid/rolling/v51_contract_plan_and_hb_smoothing_h2q090_l3_soft_cp025_hb010_gate_2022_latest.mat,stage5,contract_plan_and_hb_smoothing,,2022,completed,5.1.37,000CDCA8,1457487.25694634,0.0558269567912794,0.093524450200932,471.927991229067,77559.0763375442,0.3,6598106.42245299,1,0.000998730186041408,95b4a0bffe7401a85272ac7dfee7e64028da267fe8eb295a974458d085d6d0f5,ok
runs/stage5/joint_grid/rolling/v51_contract_plan_and_hb_smoothing_h2q090_l3_soft_cp025_hb020_gate_2022_latest.mat,stage5,contract_plan_and_hb_smoothing,,2022,completed,5.1.37,000CDCA8,1457974.65732877,0.053525907545514,0.093524450200932,471.929243127805,77541.4744131379,0.3,6596511.91731155,1,0.000999731223424368,220aabeeaa9e18fffb19f7849deb5e29105bf3f35310f5d04f5e1dbbae9b6cb4,ok
runs/stage5/joint_grid/rolling/v51_contract_plan_and_hb_smoothing_h2q090_l3_soft_cp050_gate_2022_latest.mat,stage5,contract_plan_and_hb_smoothing,,2022,completed,5.1.37,000CDCA8,1455404.87751681,0.0575400569511706,0.093524450200932,471.990792903029,77565.8706577015,0.29863876074488,6593813.16239744,1,0.000999035522622929,03bd376083190e39b115d7830539306f03efa6bb53425b9395f5b79daf7843f7,ok
runs/stage5/joint_grid/rolling/v51_contract_plan_and_hb_smoothing_h2q090_l3_soft_cp050_hb005_gate_2022_latest.mat,stage5,contract_plan_and_hb_smoothing,,2022,completed,5.1.37,000CDCA8,1457325.01451175,0.0574778533530968,0.093524450200932,472.010906074198,77564.1729113333,0.3,6592108.77683844,1,0.000998746161117382,f34a1c18da333b2310b7a2706d1b50de5c3a342c1f3979e7a37950e479a7ee40,ok
runs/stage5/joint_grid/rolling/v51_contract_plan_and_hb_smoothing_h2q090_l3_soft_cp050_hb010_gate_2022_latest.mat,stage5,contract_plan_and_hb_smoothing,,2022,completed,5.1.37,000CDCA8,1457487.25694634,0.0565311762800239,0.093524450200932,471.970351205394,77562.8380325298,0.3,6595140.87741889,1,0.000997641922060642,0b70bdde711a93dca70a3b20ebf37b511b9d678e691fa0d43c8afe35f8a79697,ok
runs/stage5/joint_grid/rolling/v51_contract_plan_and_hb_smoothing_h2q090_l3_soft_cp050_hb020_gate_2022_latest.mat,stage5,contract_plan_and_hb_smoothing,,2022,completed,5.1.37,000CDCA8,1457974.65732877,0.0538819847202758,0.093524450200932,471.930506458778,77554.0151969974,0.3,6597480.79489683,1,0.000999731223424368,059d8b375b60dd34b3a694be6648017e03fe7576469abdee50af5c708de0a513,ok
runs/stage5/joint_grid/rolling/v51_contract_plan_and_hb_smoothing_h2q090_l3_soft_gate_2022_latest.mat,stage5,contract_plan_and_hb_smoothing,,2022,completed,5.1.37,000CDCA8,1455404.87751681,0.0559882668756036,0.093524450200932,472.006128458179,77565.8706577016,0.299329901643342,6592623.64671021,1,0.000999035522622929,e734c6b2daf6247aa112d87aed5ad6368a0742dd72a861463f8666d08e9b3be6,ok
runs/stage5/joint_grid/rolling/v51_contract_plan_and_hb_smoothing_h2q090_l3_soft_hb005_gate_2022_latest.mat,stage5,contract_plan_and_hb_smoothing,,2022,completed,5.1.37,000CDCA8,1457325.01451175,0.0557875703174926,0.093524450200932,471.95593610285,77564.1729113333,0.3,6596372.47720101,1,0.000998746161117382,7bb86af149a79a65eee15841034609a5228e24174042b99bb75c06097a9445ae,ok
runs/stage5/joint_grid/rolling/v51_contract_plan_and_hb_smoothing_h2q090_l3_soft_hb010_gate_2022_latest.mat,stage5,contract_plan_and_hb_smoothing,,2022,completed,5.1.37,000CDCA8,1457487.25694634,0.0550210058740077,0.093524450200932,471.92796380451,77558.9090911172,0.3,6598094.32148223,1,0.000998730186041408,e9c665a89ec4e4a5635e4de76af4c52266e385c89dd2377115f607da7fa61b4d,ok
runs/stage5/joint_grid/rolling/v51_contract_plan_and_hb_smoothing_h2q090_l3_soft_hb020_gate_2022_latest.mat,stage5,contract_plan_and_hb_smoothing,,2022,completed,5.1.37,000CDCA8,1457974.65732877,0.0528786929889238,0.093524450200932,471.929048139972,77540.2854642154,0.3,6596425.89193912,1,0.000999731223424368,68a50e733b20a78f40bdb9855b273bbb190ca9a4a4ce6450d11f04058ce774e2,ok
runs/stage5/joint_grid/rolling/v51_contract_plan_and_hb_smoothing_h2q095_l1_soft_cp025_gate_2022_latest.mat,stage5,contract_plan_and_hb_smoothing,,2022,completed,5.1.37,000CDCA8,1457117.59165559,0.0561066243736535,0.093524450200932,471.964821703142,77543.8387964171,0.3,6593954.15787615,1,0.00099881681251988,f284c6f01201a85ff719ee013ae65c61e706551e8a6bd393931ce0990353cd44,ok
runs/stage5/joint_grid/rolling/v51_contract_plan_and_hb_smoothing_h2q095_l1_soft_cp025_hb005_gate_2022_latest.mat,stage5,contract_plan_and_hb_smoothing,,2022,completed,5.1.37,000CDCA8,1457974.65732877,0.0558556499277246,0.093524450200932,471.957223366923,77513.9706864386,0.30000293345922,6592003.29502964,1,0.000998746161117382,c58d6666fabba8328c2a7878b3c9edbe110598d77f46bbad46ba62879462e88c,ok
runs/stage5/joint_grid/rolling/v51_contract_plan_and_hb_smoothing_h2q095_l1_soft_cp025_hb010_gate_2022_latest.mat,stage5,contract_plan_and_hb_smoothing,,2022,completed,5.1.37,000CDCA8,1457732.29750449,0.0549063496130606,0.093524450200932,472.016955445983,77493.9895319081,0.300048774399941,6585675.16505869,1,0.000997641922060642,8700337c1c601eca74ac1a8a59dadb3ee75afc5ba27abbf242dcebe52f9f7818,ok
runs/stage5/joint_grid/rolling/v51_contract_plan_and_hb_smoothing_h2q095_l1_soft_cp025_hb020_gate_2022_latest.mat,stage5,contract_plan_and_hb_smoothing,,2022,completed,5.1.37,000CDCA8,1457732.29750449,0.0525703061128883,0.093524450200932,472.040016357507,77441.2328344921,0.300049368398246,6579405.87487295,1,0.000997641922060642,28d95d384cebc91e68e50aa2f289413c0c29b70472ff296cdfd473275bdba08a,ok
runs/stage5/joint_grid/rolling/v51_contract_plan_and_hb_smoothing_h2q095_l1_soft_cp050_gate_2022_latest.mat,stage5,contract_plan_and_hb_smoothing,,2022,completed,5.1.37,000CDCA8,1457117.59165559,0.0567227509016937,0.093524450200932,471.962379818949,77550.729405258,0.3,6594729.47192777,1,0.00099881681251988,04f7f58fd7df5ecd5ead7390479442b53549c954ff51053c2428609c64c7ddcf,ok
runs/stage5/joint_grid/rolling/v51_contract_plan_and_hb_smoothing_h2q095_l1_soft_cp050_hb005_gate_2022_latest.mat,stage5,contract_plan_and_hb_smoothing,,2022,completed,5.1.37,000CDCA8,1457974.65732877,0.0567276236510096,0.093524450200932,471.956407491029,77521.5512115549,0.300037151149,6592711.21189877,1,0.000998746161117382,121464c9ea9ee50c79e284016ee13895279a6054b76981ab6bf3547607eb81f9,ok
runs/stage5/joint_grid/rolling/v51_contract_plan_and_hb_smoothing_h2q095_l1_soft_cp050_hb010_gate_2022_latest.mat,stage5,contract_plan_and_hb_smoothing,,2022,completed,5.1.37,000CDCA8,1457732.29750449,0.0556944134470657,0.093524450200932,472.013152843821,77502.3322197716,0.300048573183751,6586678.86260915,1,0.000997641922060642,de33cea9fde255f56b9f083a00c58ea3cf6110e96a25054e17fc6fcb76486f06,ok
runs/stage5/joint_grid/rolling/v51_contract_plan_and_hb_smoothing_h2q095_l1_soft_cp050_hb020_gate_2022_latest.mat,stage5,contract_plan_and_hb_smoothing,,2022,completed,5.1.37,000CDCA8,1457732.29750449,0.053288609028716,0.093524450200932,472.096901072399,77452.3505752305,0.300090840713523,6575944.58306403,1,0.000997641922060642,daae5f7b14f2f23d3b70a1b4dcd43f2d756aa04b554c2b3752ac471366f3c8dc,ok
runs/stage5/joint_grid/rolling/v51_contract_plan_and_hb_smoothing_h2q095_l1_soft_gate_2022_latest.mat,stage5,contract_plan_and_hb_smoothing,,2022,completed,5.1.37,000CDCA8,1457117.59165559,0.0547471072253592,0.093524450200932,471.965791165003,77542.4922579253,0.3,6593764.48024654,1,0.00099881681251988,603fc490b83c84168fabbba7382302208588b9c303bd66e0fa2264a295348a65,ok
runs/stage5/joint_grid/rolling/v51_contract_plan_and_hb_smoothing_h2q095_l1_soft_hb005_gate_2022_latest.mat,stage5,contract_plan_and_hb_smoothing,,2022,completed,5.1.37,000CDCA8,1457974.65732877,0.0546810903132581,0.093524450200932,471.965576941316,77511.4484254367,0.3,6591141.29729993,1,0.000998746161117382,8563a7c428a9e23a82b0e65215aa1056485609380ffc79111fdfe2c2439c86fe,ok
runs/stage5/joint_grid/rolling/v51_contract_plan_and_hb_smoothing_h2q095_l1_soft_hb010_gate_2022_latest.mat,stage5,contract_plan_and_hb_smoothing,,2022,completed,5.1.37,000CDCA8,1457732.29750449,0.0538111324052947,0.093524450200932,472.01779084554,77490.8037487531,0.3,6585339.69172376,1,0.000997641922060642,6b53329a205166d4d4ebedd37688907c4bb9653b37a0515802bd8080050b1d81,ok
runs/stage5/joint_grid/rolling/v51_contract_plan_and_hb_smoothing_h2q095_l1_soft_hb020_gate_2022_latest.mat,stage5,contract_plan_and_hb_smoothing,,2022,completed,5.1.37,000CDCA8,1457732.29750449,0.0515750520449536,0.093524450200932,472.040226327116,77440.1812135567,0.300048612167031,6579300.26909086,1,0.000997641922060642,f88da710e4000f0e70e5e867b6e8b596005e39d800dcee4eb1967cebf98f3afb,ok
runs/stage5/joint_grid/rolling/v51_contract_plan_and_hb_smoothing_h2q095_l2_soft_cp025_gate_2022_latest.mat,stage5,contract_plan_and_hb_smoothing,,2022,completed,5.1.37,000CDCA8,1457117.59165559,0.0564422005202064,0.093524450200932,471.922960342234,77586.9280490844,0.3,6600866.15455621,1,0.00099881681251988,dd9e0c9b9281ce7544f95617963463115e476a822d00963ac8d882e2ddbbbd2e,ok
runs/stage5/joint_grid/rolling/v51_contract_plan_and_hb_smoothing_h2q095_l2_soft_cp025_hb005_gate_2022_latest.mat,stage5,contract_plan_and_hb_smoothing,,2022,completed,5.1.37,000CDCA8,1457974.65732877,0.0562516596938781,0.093524450200932,471.887555859259,77571.1796083741,0.300000000000001,6602272.69134914,1,0.000998746161117382,812c548bf3c74b6284e081c08c4805c444060c47f0a168f9ead169f454fc1640,ok
runs/stage5/joint_grid/rolling/v51_contract_plan_and_hb_smoothing_h2q095_l2_soft_cp025_hb010_gate_2022_latest.mat,stage5,contract_plan_and_hb_smoothing,,2022,completed,5.1.37,000CDCA8,1457487.25694634,0.0551741299095895,0.093524450200932,471.91556948379,77534.8424202142,0.3,6597007.912488,1,0.000998730186041408,ac6670341e6664eb84cd0a05e920fa049d9fe21f3d11569a49b82ba40cc5b9e9,ok
runs/stage5/joint_grid/rolling/v51_contract_plan_and_hb_smoothing_h2q095_l2_soft_cp025_hb020_gate_2022_latest.mat,stage5,contract_plan_and_hb_smoothing,,2022,completed,5.1.37,000CDCA8,1457974.65732877,0.0527874075568905,0.093524450200932,471.920635375689,77514.0442088389,0.300024836398094,6594845.63074877,1,0.000999731223424368,2570d4aaab9f4479465dcf91845cfc61b88486fdb10f270f98acc1e570107193,ok
runs/stage5/joint_grid/rolling/v51_contract_plan_and_hb_smoothing_h2q095_l2_soft_cp050_gate_2022_latest.mat,stage5,contract_plan_and_hb_smoothing,,2022,completed,5.1.37,000CDCA8,1457117.59165559,0.0567872717919465,0.093524450200932,471.93279212079,77586.9280490844,0.299639916200721,6600103.33706075,1,0.00099881681251988,4b09ac0e96e1cae82569d0eec0cd8d5e260c3e350536826a4c83a331693083c2,ok
runs/stage5/joint_grid/rolling/v51_contract_plan_and_hb_smoothing_h2q095_l2_soft_cp050_hb005_gate_2022_latest.mat,stage5,contract_plan_and_hb_smoothing,,2022,completed,5.1.37,000CDCA8,1457974.65732877,0.056941616209034,0.093524450200932,471.888054611412,77579.032743074,0.3,6602902.398128,1,0.000998746161117382,f82bf392031c60ee4ffbb5c1f390db4b8e19ce46ec2168a85108391aa3d2fe9b,ok
runs/stage5/joint_grid/rolling/v51_contract_plan_and_hb_smoothing_h2q095_l2_soft_cp050_hb010_gate_2022_latest.mat,stage5,contract_plan_and_hb_smoothing,,2022,completed,5.1.37,000CDCA8,1457487.25694634,0.0557711831786942,0.093524450200932,471.914424667845,77544.7774225531,0.3,6597942.00100185,1,0.000997641922060642,3facd31335cd681541a8a01d67c3a1e1433816d70a6bc85198f870085cdc8962,ok
runs/stage5/joint_grid/rolling/v51_contract_plan_and_hb_smoothing_h2q095_l2_soft_cp050_hb020_gate_2022_latest.mat,stage5,contract_plan_and_hb_smoothing,,2022,completed,5.1.37,000CDCA8,1457974.65732877,0.0532030478364592,0.093524450200932,471.92183512539,77526.768123011,0.300039144977204,6595835.1605652,1,0.000999731223424368,285cae057380207ff0a8f858a7fba89e58a6eb094e5ea077193e3057fcb52a29,ok
runs/stage5/joint_grid/rolling/v51_contract_plan_and_hb_smoothing_h2q095_l2_soft_gate_2022_latest.mat,stage5,contract_plan_and_hb_smoothing,,2022,completed,5.1.37,000CDCA8,1457117.59165559,0.0550684333033703,0.093524450200932,471.916370156867,77586.9280490845,0.3,6601377.46679413,1,0.00099881681251988,40b8edec0d170306a5072413b02d75c5d38c1b11813783634e24312e452e5da1,ok
runs/stage5/joint_grid/rolling/v51_contract_plan_and_hb_smoothing_h2q095_l2_soft_hb005_gate_2022_latest.mat,stage5,contract_plan_and_hb_smoothing,,2022,completed,5.1.37,000CDCA8,1457974.65732877,0.0550849865234486,0.093524450200932,471.887599227909,77569.0330905025,0.3,6602086.63190241,1,0.000998746161117382,dfe3d213fd889671b6149c5ed56d4a582be1733bf168f4dc7cfdbd0c610559e6,ok
runs/stage5/joint_grid/rolling/v51_contract_plan_and_hb_smoothing_h2q095_l2_soft_hb010_gate_2022_latest.mat,stage5,contract_plan_and_hb_smoothing,,2022,completed,5.1.37,000CDCA8,1457487.25694634,0.054128522776811,0.093524450200932,471.915729218307,77533.3997795665,0.3,6596872.78146988,1,0.000998730186041408,1ae0296c6787c35692cd0d1ce320ecb69cea250e6d318fdec32946e9214ce71f,ok
runs/stage5/joint_grid/rolling/v51_contract_plan_and_hb_smoothing_h2q095_l2_soft_hb020_gate_2022_latest.mat,stage5,contract_plan_and_hb_smoothing,,2022,completed,5.1.37,000CDCA8,1457974.65732877,0.0519844354453565,0.093524450200932,471.920619106638,77512.2955184651,0.3,6594698.11433432,1,0.000999731223424368,8752f7a7478ac31bde8636dffec1fb181286c4d80231b12d446870c0b3ceae89,ok
runs/stage5/joint_grid/rolling/v51_contract_plan_and_hb_smoothing_h2q095_l3_soft_cp025_gate_2022_latest.mat,stage5,contract_plan_and_hb_smoothing,,2022,completed,5.1.37,000CDCA8,1457117.59165559,0.0572883657988292,0.093524450200932,472.002579784999,77563.8659155922,0.297689825947019,6592728.50472757,1,0.000999035522622929,04cbc4b1c062550fad33d9d0c7253fa73bb31738da961156d1d688f5b033e36e,ok
runs/stage5/joint_grid/rolling/v51_contract_plan_and_hb_smoothing_h2q095_l3_soft_cp025_hb005_gate_2022_latest.mat,stage5,contract_plan_and_hb_smoothing,,2022,completed,5.1.37,000CDCA8,1457437.67985769,0.0569443165087902,0.093524450200932,472.029860748014,77559.5030434277,0.299078335559673,6590241.77391489,1,0.000998746161117382,36b04f50ca97e016eb88ee9bf74aeec93403c3cf89e139ae88c4d76f0e41cec0,ok
runs/stage5/joint_grid/rolling/v51_contract_plan_and_hb_smoothing_h2q095_l3_soft_cp025_hb010_gate_2022_latest.mat,stage5,contract_plan_and_hb_smoothing,,2022,completed,5.1.37,000CDCA8,1457487.25694634,0.056037864847408,0.093524450200932,472.036161821111,77559.0370012039,0.3,6589713.46908078,1,0.000998730186041408,e78c2249183cd24ecf5264f0281f3c1943003b6ca875d4c80e079afcda8a5ff2,ok
runs/stage5/joint_grid/rolling/v51_contract_plan_and_hb_smoothing_h2q095_l3_soft_cp025_hb020_gate_2022_latest.mat,stage5,contract_plan_and_hb_smoothing,,2022,completed,5.1.37,000CDCA8,1457974.65732877,0.0536597006014037,0.093524450200932,471.97112125625,77549.8835946605,0.3,6593979.64876234,1,0.000999731223424368,9192f561239cec16dd3d85dca9d0ca20c9a5d6ad9b13de73c226f02023632e57,ok
runs/stage5/joint_grid/rolling/v51_contract_plan_and_hb_smoothing_h2q095_l3_soft_cp050_gate_2022_latest.mat,stage5,contract_plan_and_hb_smoothing,,2022,completed,5.1.37,000CDCA8,1457117.59165559,0.0577630259114342,0.093524450200932,471.986469181448,77563.8659155923,0.296980693014219,6593978.10542123,1,0.000999035522622929,a335b19ccfe3a494fb23752383bd85896cdc7e836ea1887deee642cf66526710,ok
runs/stage5/joint_grid/rolling/v51_contract_plan_and_hb_smoothing_h2q095_l3_soft_cp050_hb005_gate_2022_latest.mat,stage5,contract_plan_and_hb_smoothing,,2022,completed,5.1.37,000CDCA8,1457437.67985769,0.0576909453280408,0.093524450200932,472.012473369691,77559.5030434277,0.298308527085384,6591590.33033686,1,0.000998746161117382,7f0f946ad81e1649931f4aed07782a036da3c46d45a26e1bdd8179e974d27d95,ok
runs/stage5/joint_grid/rolling/v51_contract_plan_and_hb_smoothing_h2q095_l3_soft_cp050_hb010_gate_2022_latest.mat,stage5,contract_plan_and_hb_smoothing,,2022,completed,5.1.37,000CDCA8,1457487.25694634,0.0564803906134438,0.093524450200932,472.043673324383,77559.0370012039,0.299526289726951,6589130.88412055,1,0.000997641922060642,c0622e708eeaa6bea0f2b4d533881fb82d276dc8092823def1c9695137e2e839,ok
runs/stage5/joint_grid/rolling/v51_contract_plan_and_hb_smoothing_h2q095_l3_soft_cp050_hb020_gate_2022_latest.mat,stage5,contract_plan_and_hb_smoothing,,2022,completed,5.1.37,000CDCA8,1457974.65732877,0.0538831294902169,0.093524450200932,472.04445842709,77551.7956391747,0.3,6588454.79847775,1,0.000999731223424368,eff253c2bc1184a9d00b7bd1d07c0e468e86179650cbf2439f155a0d20152d09,ok
runs/stage5/joint_grid/rolling/v51_contract_plan_and_hb_smoothing_h2q095_l3_soft_gate_2022_latest.mat,stage5,contract_plan_and_hb_smoothing,,2022,completed,5.1.37,000CDCA8,1457117.59165559,0.0564037300557862,0.093524450200932,471.997743714852,77561.1081155676,0.297481274467464,6592869.18979958,1,0.000999035522622929,0d33698510050b2fab484cfa0425e0056afe78f8a17d71b0a2e456c32356aa18,ok
runs/stage5/joint_grid/rolling/v51_contract_plan_and_hb_smoothing_h2q095_l3_soft_hb005_gate_2022_latest.mat,stage5,contract_plan_and_hb_smoothing,,2022,completed,5.1.37,000CDCA8,1457437.67985769,0.0562875445661824,0.093524450200932,472.023516914757,77555.8778031004,0.298804828116674,6590425.73829636,1,0.000998746161117382,5998e2134d94525ef9cae5e0c1b5497ee5e46572e061e278d99ae12741c89fa3,ok
runs/stage5/joint_grid/rolling/v51_contract_plan_and_hb_smoothing_h2q095_l3_soft_hb010_gate_2022_latest.mat,stage5,contract_plan_and_hb_smoothing,,2022,completed,5.1.37,000CDCA8,1457487.25694634,0.0551536100042243,0.093524450200932,472.055327127544,77555.3474441721,0.3,6587913.61815485,1,0.000998730186041408,86fb58901518248e5666c4e507d62de2ef9f2c86a828297d61310f17468ad4c9,ok
runs/stage5/joint_grid/rolling/v51_contract_plan_and_hb_smoothing_h2q095_l3_soft_hb020_gate_2022_latest.mat,stage5,contract_plan_and_hb_smoothing,,2022,completed,5.1.37,000CDCA8,1457974.65732877,0.0527726089770379,0.093524450200932,471.982536006042,77546.5637074627,0.3,6592812.1878544,1,0.000999731223424368,7bbad37257091682a9cabec7d53f45f9aa951cecd2b17c7184572c454a8974fe,ok
runs/stage5/joint_grid/rolling/v51_contract_plan_and_hb_smoothing_hb005_gate_2022_latest.mat,stage5,contract_plan_and_hb_smoothing,,2022,completed,5.1.37,000CDCA8,1457974.65732877,0.0545612820125734,0.093524450200932,471.952507385238,77515.69260412,0.3,6592515.29427708,1,0.000998746161117382,374ab0e3d5d5eecc3348c03d6a43302d9046d0ed511ecfc20ec16fad56cca17a,ok
runs/stage5/joint_grid/rolling/v51_contract_plan_and_hb_smoothing_hb010_gate_2022_latest.mat,stage5,contract_plan_and_hb_smoothing,,2022,completed,5.1.37,000CDCA8,1456913.83105969,0.0536477635004063,0.093524450200932,471.969385022057,77499.5753589916,0.3,6589836.55330448,1,0.000997641922060642,df21ac1865711d8847d0f5d8934a9e8d906a244507fe54390332abec3a1a9fa8,ok
runs/stage5/joint_grid/rolling/v51_contract_plan_and_hb_smoothing_hb020_gate_2022_latest.mat,stage5,contract_plan_and_hb_smoothing,,2022,completed,5.1.37,000CDCA8,1457732.29750449,0.0515012490554642,0.093524450200932,472.007180441331,77446.5503471934,0.30004860816921,6582400.67910041,1,0.000997641922060642,732ed6e7e0b04f6c44c1661ef1ff50ee39f3b62303184d652ec0d16df5cbb646,ok
runs/stage5/joint_grid/v51_joint_grid_2022_checkpoint.mat,stage5,,,,,,,NaN,NaN,NaN,NaN,NaN,NaN,NaN,NaN,NaN,f7b0fcd6697f567d66ea112bde0899d57bf6f44bdea7773421c1d8e3b0b22a53,ok
runs/stage5/joint_grid/v51_joint_grid_2022_latest.mat,stage5,contract_plan_and_hb_smoothing,,2022,completed,,,NaN,NaN,NaN,NaN,NaN,NaN,NaN,NaN,NaN,2ccff66f46edddd273a698d80044033f531aada56db4079c5fec643112279733,ok
runs/stage5/joint_grid_365_progress_smoke/rolling/v51_contract_plan_and_hb_smoothing_gate_2022_latest.mat,stage5,contract_plan_and_hb_smoothing,,2022,completed,5.1.37,000CDCA8,1455404.87751681,0.0543999186951011,0.093524450200932,471.914602658183,77554.2945944789,0.3,6598737.97113558,1,0.000999279395144358,71b35cba6e9999f1d8d2684f999b94c436a4c9d8ed0918b806df9098eb95cafd,ok
runs/stage5/joint_grid_365_progress_smoke/v51_joint_grid_2022_checkpoint.mat,stage5,,,,,,,NaN,NaN,NaN,NaN,NaN,NaN,NaN,NaN,NaN,a429a66dc2981cb9472a2e903408dba2956b84d0675efca1c9c39046ec99c818,ok
runs/stage5/joint_grid_365_progress_smoke/v51_joint_grid_2022_latest.mat,stage5,contract_plan_and_hb_smoothing,,2022,completed,,,NaN,NaN,NaN,NaN,NaN,NaN,NaN,NaN,NaN,63dbc5a4620e6cc72263d8100678a12f062948a89e6e7e69ad1530d420ac8857,ok
runs/stage5/joint_grid_3day_progress_smoke/rolling/v51_contract_plan_and_hb_smoothing_gate_2022_latest.mat,stage5,contract_plan_and_hb_smoothing,,2022,completed,5.1.37,000CDCA8,0,0.0112197549883662,0.5,51453.4599843809,749.815538054795,-2.21359970113907e-17,-38162956.5282729,1,0,0a3161717b3c795400c1f4e3234cb11e83836c470d3743c6c02e3a063cff2e2e,ok
runs/stage5/joint_grid_3day_progress_smoke/v51_joint_grid_2022_checkpoint.mat,stage5,,,,,,,NaN,NaN,NaN,NaN,NaN,NaN,NaN,NaN,NaN,624a828ab5ef187db179aa0d79ca84b6ffe44de39f52d972d29d62a46bf76b29,ok
runs/stage5/joint_grid_3day_progress_smoke/v51_joint_grid_2022_latest.mat,stage5,contract_plan_and_hb_smoothing,,2022,completed,,,NaN,NaN,NaN,NaN,NaN,NaN,NaN,NaN,NaN,5c6db8b41cc24e62918726dc3091a4ad2148b7b02f2afa65401cdf47542b0952,ok
runs/stage5/joint_grid_3day_smoke_after_fix/rolling/v51_contract_plan_and_hb_smoothing_gate_2022_latest.mat,stage5,contract_plan_and_hb_smoothing,,2022,completed,5.1.37,000CDCA8,0,0.0112197549883662,0.5,51453.4599843809,749.815538054795,-2.21359970113907e-17,-38162956.5282729,1,0,f755115ac07662393233af59c7ce77782edf80f03b388e43922203e1dfc59300,ok
runs/stage5/joint_grid_3day_smoke_after_fix/v51_joint_grid_2022_checkpoint.mat,stage5,,,,,,,NaN,NaN,NaN,NaN,NaN,NaN,NaN,NaN,NaN,d479aff84a181d7b6200b7142e2da6d140ab0428f08ab238267f6f2d1410af72,ok
runs/stage5/joint_grid_3day_smoke_after_fix/v51_joint_grid_2022_latest.mat,stage5,contract_plan_and_hb_smoothing,,2022,completed,,,NaN,NaN,NaN,NaN,NaN,NaN,NaN,NaN,NaN,ed98940b55693bf96f04320fa6d76f5f3d790f41a2b1026227fca7228db1a4bd,ok
runs/stage5/joint_grid_smoke_after_fix/rolling/v51_contract_plan_and_hb_smoothing_gate_2022_latest.mat,stage5,contract_plan_and_hb_smoothing,,2022,completed,5.1.37,000CDCA8,1455404.87751681,0.0543999186951011,0.093524450200932,471.914602658183,77554.2945944789,0.3,6598737.97113558,1,0.000999279395144358,045cb809c86f50ad9c4f5d56512a0c9a7adfca21f0b4e2eb57cd299dd108b6af,ok
runs/stage5/joint_grid_smoke_after_fix/v51_joint_grid_2022_latest.mat,stage5,contract_plan_and_hb_smoothing,,2022,completed,,,NaN,NaN,NaN,NaN,NaN,NaN,NaN,NaN,NaN,b5902b7862ae2644751c42812520f92cadeb2adb0b61b0c4b5bed1f4bec56d87,ok
runs/stage5/joint_grid_smoke_h2_after_fix/rolling/v51_contract_plan_and_hb_smoothing_h2q050_l1_soft_cp025_hb005_gate_2022_latest.mat,stage5,contract_plan_and_hb_smoothing,,2022,completed,5.1.37,000CDCA8,1457974.65732877,0.0556492579078509,0.093524450200932,471.952098152728,77517.2952185263,0.30000578440084,6592683.31521126,1,0.000998746161117382,bb3cb09ffc3e4a03f93948ed833b0840ad85953d4f7f5afdf1c754e1c1168e87,ok
runs/stage5/joint_grid_smoke_h2_after_fix/v51_joint_grid_2022_latest.mat,stage5,contract_plan_and_hb_smoothing,,2022,completed,,,NaN,NaN,NaN,NaN,NaN,NaN,NaN,NaN,NaN,a2f652bfc72a589563c9c2218f2f95568f7b330507b0711d77fa6e99a1f0d838,ok
