"RelativePath","Bytes","LastWriteTime","SHA256"
"runs/stage5/joint_grid/rolling/v51_contract_plan_and_hb_smoothing_cp025_gate_2024_latest.mat","1275601","2026-08-27 07:14:13","112bc898221f328fe59242994832ce5c4f465b05a1ce0e8120eac4c7f314480c"
"runs/stage5/joint_grid/rolling/v51_contract_plan_and_hb_smoothing_cp025_hb005_gate_2024_latest.mat","1275045","2026-08-27 07:06:07","398873b089974dad36613d9110b164855fcdeb476fc4487c4c8e9a22f9262db2"
"runs/stage5/joint_grid/rolling/v51_contract_plan_and_hb_smoothing_cp025_hb010_gate_2024_latest.mat","1275039","2026-08-27 07:14:12","29d9fcf74446d2f054c8da599b9fd3f952724a10bae7ffb47c7ad8fc37174270"
"runs/stage5/joint_grid/rolling/v51_contract_plan_and_hb_smoothing_cp025_hb020_gate_2024_latest.mat","1283131","2026-08-27 07:06:04","d4772bb6f51a3d666218b879e4c5a89d3afe34c400d1b6d7f2cbc734b369aa9b"
"runs/stage5/joint_grid/rolling/v51_contract_plan_and_hb_smoothing_cp050_gate_2024_latest.mat","1270271","2026-08-27 07:14:14","a69831ee2772f575f4a6273303e894b116fc4637b3045c67951fb10e552824cb"
"runs/stage5/joint_grid/rolling/v51_contract_plan_and_hb_smoothing_cp050_hb005_gate_2024_latest.mat","1269570","2026-08-27 07:06:06","8ff9ef0a86f3f30e34e1130142760b7e7fc12ed9f9af669f2a5d33764abf8b35"
"runs/stage5/joint_grid/rolling/v51_contract_plan_and_hb_smoothing_cp050_hb010_gate_2024_latest.mat","1268912","2026-08-27 07:14:09","fb425331d94eb3047326b93adb1010ff674231ec528362306d10fbceaec33d59"
"runs/stage5/joint_grid/rolling/v51_contract_plan_and_hb_smoothing_cp050_hb020_gate_2024_latest.mat","1279904","2026-08-27 07:06:04","f2733e26b39c0aa46c312a03b8128fa9d65054f4ae3cac889e4df75ba6075a6c"
"runs/stage5/joint_grid/rolling/v51_contract_plan_and_hb_smoothing_gate_2024_latest.mat","1275182","2026-08-27 07:14:15","77eb0e264303e537185dfaf339b6214add2c78a8aef3161c23a290a5ae38d025"
"runs/stage5/joint_grid/rolling/v51_contract_plan_and_hb_smoothing_h2q050_l1_soft_cp025_gate_2024_latest.mat","1277342","2026-08-27 08:48:49","8c62c07e78a63f8e9dbb23115e771458ab3b7d0aa240fcafb41ca3e1691e5c6b"
"runs/stage5/joint_grid/rolling/v51_contract_plan_and_hb_smoothing_h2q050_l1_soft_cp025_hb005_gate_2024_latest.mat","1276473","2026-08-27 08:37:01","93355b9077c91d8953eafd3c6b965d7b005d0cd21aed10b037591c8223d4367b"
"runs/stage5/joint_grid/rolling/v51_contract_plan_and_hb_smoothing_h2q050_l1_soft_cp025_hb010_gate_2024_latest.mat","1280129","2026-08-27 08:25:10","f93166d2e2e9f17879a011a3f01339e84d705d387e586d56afef297ef0fddc8f"
"runs/stage5/joint_grid/rolling/v51_contract_plan_and_hb_smoothing_h2q050_l1_soft_cp025_hb020_gate_2024_latest.mat","1285210","2026-08-27 08:13:22","fd654afcb58978aadf0bc04d169ff8353c53d680d4e7c69fd7c4c1981d04f932"
"runs/stage5/joint_grid/rolling/v51_contract_plan_and_hb_smoothing_h2q050_l1_soft_cp050_gate_2024_latest.mat","1272038","2026-08-27 08:01:27","290a801ace667ebee8323d6fe816418b246557fa8a50ec5837c39d358b0d8fb4"
"runs/stage5/joint_grid/rolling/v51_contract_plan_and_hb_smoothing_h2q050_l1_soft_cp050_hb005_gate_2024_latest.mat","1271274","2026-08-27 07:49:38","5c1a7b3b8a48b0b19e6e75c74775d82fec45c8ea2f7f638afe261d6709d7b9d5"
"runs/stage5/joint_grid/rolling/v51_contract_plan_and_hb_smoothing_h2q050_l1_soft_cp050_hb010_gate_2024_latest.mat","1273982","2026-08-27 07:37:49","bb30cd0ef5e3a821cc0c3e3314c4b2c401ff31751ed664489a08600a38a12b84"
"runs/stage5/joint_grid/rolling/v51_contract_plan_and_hb_smoothing_h2q050_l1_soft_cp050_hb020_gate_2024_latest.mat","1281968","2026-08-27 07:26:00","e6822ee6a68561294cccdf68bb341bf7e73b9d712ccbd9797dc2cc358963777b"
"runs/stage5/joint_grid/rolling/v51_contract_plan_and_hb_smoothing_h2q050_l1_soft_gate_2024_latest.mat","1276962","2026-08-27 09:36:07","b72b757f67a5484a697445298c0a777022b20f72361dbe7bdd55d0c154299cb6"
"runs/stage5/joint_grid/rolling/v51_contract_plan_and_hb_smoothing_h2q050_l1_soft_hb005_gate_2024_latest.mat","1275662","2026-08-27 09:24:18","d1e49bf7d6f10cc480cd6e3da820338b7cb72d317ef64a77f1ae9d74a0ba027a"
"runs/stage5/joint_grid/rolling/v51_contract_plan_and_hb_smoothing_h2q050_l1_soft_hb010_gate_2024_latest.mat","1279253","2026-08-27 09:12:28","5e1836959514ca624f078dac8784a01c6dd1841d8971d714c646fa2422c68647"
"runs/stage5/joint_grid/rolling/v51_contract_plan_and_hb_smoothing_h2q050_l1_soft_hb020_gate_2024_latest.mat","1284648","2026-08-27 09:00:40","c9f71a472c2535791d6d8ba6b51436840fc5ac796c343cb8167f200aa72169aa"
"runs/stage5/joint_grid/rolling/v51_contract_plan_and_hb_smoothing_h2q050_l2_soft_cp025_gate_2024_latest.mat","1273266","2026-08-27 08:49:00","4c22ea29fbd4d744a2c6d6029e505e71ca34ff0a996edc19d7a51f7304d4d5d4"
"runs/stage5/joint_grid/rolling/v51_contract_plan_and_hb_smoothing_h2q050_l2_soft_cp025_hb005_gate_2024_latest.mat","1272242","2026-08-27 08:37:11","a37be76fa054afa682eaa80871fac624a92a3fe8fbda0d92ce473fea7f4ebfc4"
"runs/stage5/joint_grid/rolling/v51_contract_plan_and_hb_smoothing_h2q050_l2_soft_cp025_hb010_gate_2024_latest.mat","1272843","2026-08-27 08:25:18","2192cf66edf0e23ceba1e06e89542b5229fcfdfbd69496ae348ab6798f9339f6"
"runs/stage5/joint_grid/rolling/v51_contract_plan_and_hb_smoothing_h2q050_l2_soft_cp025_hb020_gate_2024_latest.mat","1285502","2026-08-27 08:13:29","7bb26f4fd78ae643d4fa552eddcc1ad9aca7e66c09b66e93340f89ee63856780"
"runs/stage5/joint_grid/rolling/v51_contract_plan_and_hb_smoothing_h2q050_l2_soft_cp050_gate_2024_latest.mat","1267919","2026-08-27 08:01:33","69f22b94d772ae6c575eae6466f7bee4555e64505e4126253c1abfe8f55222eb"
"runs/stage5/joint_grid/rolling/v51_contract_plan_and_hb_smoothing_h2q050_l2_soft_cp050_hb005_gate_2024_latest.mat","1267290","2026-08-27 07:49:43","ef4563599fa3f4b27392c1890e40d3fe7809dbe1534971c2144e3125902bf65c"
"runs/stage5/joint_grid/rolling/v51_contract_plan_and_hb_smoothing_h2q050_l2_soft_cp050_hb010_gate_2024_latest.mat","1266528","2026-08-27 07:37:52","1bcc571f773342aaa3911bb67822f3420692f0122d6226346cbb3eed801aafcb"
"runs/stage5/joint_grid/rolling/v51_contract_plan_and_hb_smoothing_h2q050_l2_soft_cp050_hb020_gate_2024_latest.mat","1282266","2026-08-27 07:26:04","6962ca89da5a422d6f3597f8c3b215bacdc41d54ba7032d801083a6936912ad2"
"runs/stage5/joint_grid/rolling/v51_contract_plan_and_hb_smoothing_h2q050_l2_soft_gate_2024_latest.mat","1272961","2026-08-27 09:36:29","5bb0160729752e26efde9361afe2be49640ad4d185b23df4f4ec8427b3d7cd49"
"runs/stage5/joint_grid/rolling/v51_contract_plan_and_hb_smoothing_h2q050_l2_soft_hb005_gate_2024_latest.mat","1271475","2026-08-27 09:24:40","9796fca9c277730718437bf3ac7200a131d8d027ebce9ee16184a37142465683"
"runs/stage5/joint_grid/rolling/v51_contract_plan_and_hb_smoothing_h2q050_l2_soft_hb010_gate_2024_latest.mat","1271955","2026-08-27 09:12:45","b839b29c9c1b37ca47415538990cbed94bade2731dd28364d9141b90b9544896"
"runs/stage5/joint_grid/rolling/v51_contract_plan_and_hb_smoothing_h2q050_l2_soft_hb020_gate_2024_latest.mat","1284965","2026-08-27 09:00:53","fb4a47d7d7bec9cda5f69a2bf0e72954bfe7ba4575c065f64b12c8c94b87d101"
"runs/stage5/joint_grid/rolling/v51_contract_plan_and_hb_smoothing_h2q050_l3_soft_cp025_gate_2024_latest.mat","1273081","2026-08-27 08:48:26","6aa40271fa64763c54d2e7458c0cc822bc241b6b39c8a0c12ada22b665e2a0a6"
"runs/stage5/joint_grid/rolling/v51_contract_plan_and_hb_smoothing_h2q050_l3_soft_cp025_hb005_gate_2024_latest.mat","1275547","2026-08-27 08:36:41","c0eaac8d7c5df985be678dc40dfdb439ba658a52bcf42fe7e121706a74a29b83"
"runs/stage5/joint_grid/rolling/v51_contract_plan_and_hb_smoothing_h2q050_l3_soft_cp025_hb010_gate_2024_latest.mat","1272621","2026-08-27 08:24:52","0bb8e4b1dabd0f14b14436b2a4cdd934b88e3810728f36c66456a98b2d3ecfb6"
"runs/stage5/joint_grid/rolling/v51_contract_plan_and_hb_smoothing_h2q050_l3_soft_cp025_hb020_gate_2024_latest.mat","1281203","2026-08-27 08:13:06","909aa2babe0064e1caeb9b9a0a49e7816881d330e3517fc440e2de2866968d8d"
"runs/stage5/joint_grid/rolling/v51_contract_plan_and_hb_smoothing_h2q050_l3_soft_cp050_gate_2024_latest.mat","1268073","2026-08-27 08:01:14","25738743fc2ecb8c338b7f64a1ba2b8b89b15d07ca072e233cc8cb842873f9f4"
"runs/stage5/joint_grid/rolling/v51_contract_plan_and_hb_smoothing_h2q050_l3_soft_cp050_hb005_gate_2024_latest.mat","1270550","2026-08-27 07:49:28","f890980b21e96076f8e7cc60998ac5ead51eadf8fea13716859c5f7e2045e88e"
"runs/stage5/joint_grid/rolling/v51_contract_plan_and_hb_smoothing_h2q050_l3_soft_cp050_hb010_gate_2024_latest.mat","1266185","2026-08-27 07:37:43","5e1f79a2170801c6a08ab049b6980d1541a260a6548d290aa3bc64aa2588c127"
"runs/stage5/joint_grid/rolling/v51_contract_plan_and_hb_smoothing_h2q050_l3_soft_cp050_hb020_gate_2024_latest.mat","1277699","2026-08-27 07:25:59","7b5b40f4582b877fbe7b14bbb1d31d9c304138bff2b315e45b6f111962a36eb9"
"runs/stage5/joint_grid/rolling/v51_contract_plan_and_hb_smoothing_h2q050_l3_soft_gate_2024_latest.mat","1272827","2026-08-27 09:35:34","a952cbed7f89ef0a6a66c0cc39456cef39d1c427ea9960f624635c4253c0aceb"
"runs/stage5/joint_grid/rolling/v51_contract_plan_and_hb_smoothing_h2q050_l3_soft_hb005_gate_2024_latest.mat","1274700","2026-08-27 09:23:50","52f0d175f68d861124c080900a687dd035e8c7a4d763f38f98fe55b9bf309aec"
"runs/stage5/joint_grid/rolling/v51_contract_plan_and_hb_smoothing_h2q050_l3_soft_hb010_gate_2024_latest.mat","1271792","2026-08-27 09:12:02","9cdbd584ed2c7155c30f8fd00f428842089dfb1f7d196fca0b029745b1208ef8"
"runs/stage5/joint_grid/rolling/v51_contract_plan_and_hb_smoothing_h2q050_l3_soft_hb020_gate_2024_latest.mat","1280546","2026-08-27 09:00:14","dc6cfc32cd655134fc778bef313c9d627846a5b8f1e5a2e8f403a4157038b2ab"
"runs/stage5/joint_grid/rolling/v51_contract_plan_and_hb_smoothing_h2q075_l1_soft_cp025_gate_2024_latest.mat","1275075","2026-08-27 08:49:15","89e10c78354b7fb7cd7a24da0b8b9506e3d32650faf5bab95005f9445549cadd"
"runs/stage5/joint_grid/rolling/v51_contract_plan_and_hb_smoothing_h2q075_l1_soft_cp025_hb005_gate_2024_latest.mat","1278601","2026-08-27 08:37:25","da8867ccb89bdac8d9c3fadd9ce74a159d970f7d5adf3b24680b9840b328d145"
"runs/stage5/joint_grid/rolling/v51_contract_plan_and_hb_smoothing_h2q075_l1_soft_cp025_hb010_gate_2024_latest.mat","1275647","2026-08-27 08:25:33","a1f60d65a558059a7d4451520ddcb2154d01c136275188008b5ddc0720e6708f"
"runs/stage5/joint_grid/rolling/v51_contract_plan_and_hb_smoothing_h2q075_l1_soft_cp025_hb020_gate_2024_latest.mat","1292002","2026-08-27 08:13:44","445dbaaca7a16ae93e8de5da95fd9cfd49a6dd680eba915882852b958e9243c9"
"runs/stage5/joint_grid/rolling/v51_contract_plan_and_hb_smoothing_h2q075_l1_soft_cp050_gate_2024_latest.mat","1269809","2026-08-27 08:01:41","3306ab75898a9d8b4e0c9e819105a7955e5cbf19196eda1a733d71f20661878d"
"runs/stage5/joint_grid/rolling/v51_contract_plan_and_hb_smoothing_h2q075_l1_soft_cp050_hb005_gate_2024_latest.mat","1273803","2026-08-27 07:49:47","a2cd2afc31e3344530c49e979b96a2182e3eb8ae24b36fa159fbdad22f4db09c"
"runs/stage5/joint_grid/rolling/v51_contract_plan_and_hb_smoothing_h2q075_l1_soft_cp050_hb010_gate_2024_latest.mat","1269114","2026-08-27 07:37:58","5a030f6796a9f4e329751cfe4118db225c62d2ebb3ca1aef825cf0b5b73b6ce8"
"runs/stage5/joint_grid/rolling/v51_contract_plan_and_hb_smoothing_h2q075_l1_soft_cp050_hb020_gate_2024_latest.mat","1288911","2026-08-27 07:26:09","f02c19ff8372c6a70392e6bc2db91a57c214566738a32710da47174dd72c683c"
"runs/stage5/joint_grid/rolling/v51_contract_plan_and_hb_smoothing_h2q075_l1_soft_gate_2024_latest.mat","1274804","2026-08-27 09:36:50","5de68c39297e1d19c47a146915cbce359e567a59888b58c50f0878178fd5257f"
"runs/stage5/joint_grid/rolling/v51_contract_plan_and_hb_smoothing_h2q075_l1_soft_hb005_gate_2024_latest.mat","1277890","2026-08-27 09:24:58","3278ca935b5c6056dcd35492740bc101245ba43d4c299cac0d329943ab075f88"
"runs/stage5/joint_grid/rolling/v51_contract_plan_and_hb_smoothing_h2q075_l1_soft_hb010_gate_2024_latest.mat","1274732","2026-08-27 09:13:06","f2bbf2c950b2f81ff3ed4cd8feb8046563cfa357d36b89f53b024a6a478a5ac6"
"runs/stage5/joint_grid/rolling/v51_contract_plan_and_hb_smoothing_h2q075_l1_soft_hb020_gate_2024_latest.mat","1291501","2026-08-27 09:01:16","8913c5aac6807c6ab11709229d619f9f49b7610df2fae1daea529f1b4bb58926"
"runs/stage5/joint_grid/rolling/v51_contract_plan_and_hb_smoothing_h2q075_l2_soft_cp025_gate_2024_latest.mat","1274049","2026-08-27 08:48:39","89df6992f533813ee3f52929ddf6037fb8f599a88d1637cf3bfa1f3d44ec8dd1"
"runs/stage5/joint_grid/rolling/v51_contract_plan_and_hb_smoothing_h2q075_l2_soft_cp025_hb005_gate_2024_latest.mat","1280589","2026-08-27 08:36:51","6ec0fa5fc6dbe52c574caebeb29319e78c962f5b84dfa0d44a1a98a05eb5a8b5"
"runs/stage5/joint_grid/rolling/v51_contract_plan_and_hb_smoothing_h2q075_l2_soft_cp025_hb010_gate_2024_latest.mat","1275327","2026-08-27 08:25:03","a3873bd424377b370e8e14930c25ac0bdb36906cd48bbf8e3b9ba4adb301b76b"
"runs/stage5/joint_grid/rolling/v51_contract_plan_and_hb_smoothing_h2q075_l2_soft_cp025_hb020_gate_2024_latest.mat","1282663","2026-08-27 08:13:17","6e91b983eee3d8f33953e4c61d6faee0c4505a8cccbb226613bdccc7e4ecffd0"
"runs/stage5/joint_grid/rolling/v51_contract_plan_and_hb_smoothing_h2q075_l2_soft_cp050_gate_2024_latest.mat","1268781","2026-08-27 08:01:22","4befeb22576a0de2ad14c83788bb675290153661bbc59aa1c872924c4cfc9bbd"
"runs/stage5/joint_grid/rolling/v51_contract_plan_and_hb_smoothing_h2q075_l2_soft_cp050_hb005_gate_2024_latest.mat","1275196","2026-08-27 07:49:32","cc8794d832ae9af041ab1dd2b0e4867747054982eac233733f04f25b24168b53"
"runs/stage5/joint_grid/rolling/v51_contract_plan_and_hb_smoothing_h2q075_l2_soft_cp050_hb010_gate_2024_latest.mat","1268824","2026-08-27 07:37:48","636de06c84ab6fdc230742d68039a2e2665abcb256f7aa74608dfbb61ed778bd"
"runs/stage5/joint_grid/rolling/v51_contract_plan_and_hb_smoothing_h2q075_l2_soft_cp050_hb020_gate_2024_latest.mat","1279417","2026-08-27 07:26:03","846ce57d453588c9efe73fdc1000e3711467204681141adf42195bd19c90396e"
"runs/stage5/joint_grid/rolling/v51_contract_plan_and_hb_smoothing_h2q075_l2_soft_gate_2024_latest.mat","1273781","2026-08-27 09:35:57","caf8563f56282d374b315d6c29e089d1d38fd9d922fd8375d7fc2648d4645d8c"
"runs/stage5/joint_grid/rolling/v51_contract_plan_and_hb_smoothing_h2q075_l2_soft_hb005_gate_2024_latest.mat","1279777","2026-08-27 09:24:08","a368fc08c3f4f85f8c66f2c409153d8eb3959e5508edbe8270594c29b028efdf"
"runs/stage5/joint_grid/rolling/v51_contract_plan_and_hb_smoothing_h2q075_l2_soft_hb010_gate_2024_latest.mat","1274424","2026-08-27 09:12:20","db7756b0c50319e9ebf8c30a1807140fcdafdcbe5172f7595fbf6a80e63519e2"
"runs/stage5/joint_grid/rolling/v51_contract_plan_and_hb_smoothing_h2q075_l2_soft_hb020_gate_2024_latest.mat","1282079","2026-08-27 09:00:32","9b3aa3cd0e373b6abb49fdb0a299483f59be423e911aabba3efa894b423afff0"
"runs/stage5/joint_grid/rolling/v51_contract_plan_and_hb_smoothing_h2q075_l3_soft_cp025_gate_2024_latest.mat","1278256","2026-08-27 08:48:12","3070ab89dabe8edb76097eecdd3a70fcbd7c3608b9a28e361715afc22b4bcb69"
"runs/stage5/joint_grid/rolling/v51_contract_plan_and_hb_smoothing_h2q075_l3_soft_cp025_hb005_gate_2024_latest.mat","1278741","2026-08-27 08:36:27","16f97a67c912ab99f1a7271edbd2da20fc645d07e96660a09dc045baf94b477e"
"runs/stage5/joint_grid/rolling/v51_contract_plan_and_hb_smoothing_h2q075_l3_soft_cp025_hb010_gate_2024_latest.mat","1274046","2026-08-27 08:24:42","bb9a8ae58684b4656519c8e060c67c6e3cc1a095bacc90091f19e88a04db1cdc"
"runs/stage5/joint_grid/rolling/v51_contract_plan_and_hb_smoothing_h2q075_l3_soft_cp025_hb020_gate_2024_latest.mat","1291852","2026-08-27 08:12:56","93ee5286fbe32f5c1cdd1abe47407b4978f74dae1aced8cda76491e6b463f369"
"runs/stage5/joint_grid/rolling/v51_contract_plan_and_hb_smoothing_h2q075_l3_soft_cp050_gate_2024_latest.mat","1272941","2026-08-27 08:01:06","898a67f6cb51a7cc792bfe696f2e65116f23561479f65fb2d336332f09085f88"
"runs/stage5/joint_grid/rolling/v51_contract_plan_and_hb_smoothing_h2q075_l3_soft_cp050_hb005_gate_2024_latest.mat","1272201","2026-08-27 07:49:22","6da28a78d492366cdcdfb23c761f46231c8aa971cfa33d50c0c91faabcebfa27"
"runs/stage5/joint_grid/rolling/v51_contract_plan_and_hb_smoothing_h2q075_l3_soft_cp050_hb010_gate_2024_latest.mat","1267750","2026-08-27 07:37:40","09b2f83324746736849d869329663acd88fe3c7ef6edffdffc4a0483e14fe8c6"
"runs/stage5/joint_grid/rolling/v51_contract_plan_and_hb_smoothing_h2q075_l3_soft_cp050_hb020_gate_2024_latest.mat","1288779","2026-08-27 07:25:55","fb4df4436285f25e6675ec1dc4d82dc9bb3c236a1405e33f0e5e1170f6965ac9"
"runs/stage5/joint_grid/rolling/v51_contract_plan_and_hb_smoothing_h2q075_l3_soft_gate_2024_latest.mat","1277887","2026-08-27 09:35:15","58b72632357bea1a07b6b7561813a66ae87da4e7feca18aa7b168c58cd9b4556"
"runs/stage5/joint_grid/rolling/v51_contract_plan_and_hb_smoothing_h2q075_l3_soft_hb005_gate_2024_latest.mat","1277894","2026-08-27 09:23:32","a0734b4bcbb25f632fed41b71d0622aefd5304d5b71137a5d383f9a599da70eb"
"runs/stage5/joint_grid/rolling/v51_contract_plan_and_hb_smoothing_h2q075_l3_soft_hb010_gate_2024_latest.mat","1273019","2026-08-27 09:11:47","f44a4e110707139f2d382092479673a0bc52590f14464dfea9bbf5702d40c8b5"
"runs/stage5/joint_grid/rolling/v51_contract_plan_and_hb_smoothing_h2q075_l3_soft_hb020_gate_2024_latest.mat","1291320","2026-08-27 09:00:00","864ca17fb7df842fd4a7c1e6967d0cb802f3724db94bd707f3d34269c0373a57"
"runs/stage5/joint_grid/rolling/v51_contract_plan_and_hb_smoothing_h2q090_l1_soft_cp025_gate_2024_latest.mat","1283758","2026-08-27 09:58:51","d16869990cb837129f3b356074fd462080972fad8d6dd1074b6fd024ac6a6f8f"
"runs/stage5/joint_grid/rolling/v51_contract_plan_and_hb_smoothing_h2q090_l1_soft_cp025_hb005_gate_2024_latest.mat","1280495","2026-08-27 09:47:03","8fcfcec2fbd73599d2d1c04d2169a536ad75569269214b6dec3cbbf6258daf87"
"runs/stage5/joint_grid/rolling/v51_contract_plan_and_hb_smoothing_h2q090_l1_soft_cp025_hb010_gate_2024_latest.mat","1280475","2026-08-27 10:47:50","16d84b5eda63854a14a5f573a5ff477d6a3b9b9a75e9c186e7751138de98e9e2"
"runs/stage5/joint_grid/rolling/v51_contract_plan_and_hb_smoothing_h2q090_l1_soft_cp025_hb020_gate_2024_latest.mat","1286118","2026-08-27 10:36:02","a819160a7530195d1b0d877091c649dfe5ad6b920fe14a925b967ca6b0c36a9e"
"runs/stage5/joint_grid/rolling/v51_contract_plan_and_hb_smoothing_h2q090_l1_soft_cp050_gate_2024_latest.mat","1278429","2026-08-27 10:24:10","7065715ded13a268b7ee02bcdf947e0bad2c138db4c639a388a86ccea4eb650c"
"runs/stage5/joint_grid/rolling/v51_contract_plan_and_hb_smoothing_h2q090_l1_soft_cp050_hb005_gate_2024_latest.mat","1275699","2026-08-27 10:12:22","e52a0c8325ea18ec159ace7ef8711a026cbfae344f8ef25cd60512b8f278cc75"
"runs/stage5/joint_grid/rolling/v51_contract_plan_and_hb_smoothing_h2q090_l1_soft_cp050_hb010_gate_2024_latest.mat","1274116","2026-08-27 10:00:32","db670675f2c4aa5e8fc0c6bee87167bb9320a84e8809823e734aa09a43e4c79b"
"runs/stage5/joint_grid/rolling/v51_contract_plan_and_hb_smoothing_h2q090_l1_soft_cp050_hb020_gate_2024_latest.mat","1283039","2026-08-27 09:48:41","a295aca1402c1ce34ccfc18c04d2838ea1fc6fcfaf3dfc4f2fc6ec554a3f92c9"
"runs/stage5/joint_grid/rolling/v51_contract_plan_and_hb_smoothing_h2q090_l1_soft_gate_2024_latest.mat","1283416","2026-08-27 10:46:03","ca19784a796b7a8a9cd78feda801654944450e5ee555c4e27e5d4623e5299be1"
"runs/stage5/joint_grid/rolling/v51_contract_plan_and_hb_smoothing_h2q090_l1_soft_hb005_gate_2024_latest.mat","1279765","2026-08-27 10:34:16","c02d9c8bc479018519bb7aef99f17685f6d5b4e1de12093f95f1efeadf6f6eaa"
"runs/stage5/joint_grid/rolling/v51_contract_plan_and_hb_smoothing_h2q090_l1_soft_hb010_gate_2024_latest.mat","1279575","2026-08-27 10:22:28","a56e9c6a4c16c7b3a2ad73745a0be5ec5d59e6dd6365308c00d43b58a9603537"
"runs/stage5/joint_grid/rolling/v51_contract_plan_and_hb_smoothing_h2q090_l1_soft_hb020_gate_2024_latest.mat","1285569","2026-08-27 10:10:42","78ebcff18139d021def85326c977994fe67bb271ae5c56904a6fe66f25f2968b"
"runs/stage5/joint_grid/rolling/v51_contract_plan_and_hb_smoothing_h2q090_l2_soft_cp025_gate_2024_latest.mat","1276237","2026-08-27 09:59:10","2f1320b4cec4d85d9f66a484a4ac183453f189fc86b326913060eff882c0b9f0"
"runs/stage5/joint_grid/rolling/v51_contract_plan_and_hb_smoothing_h2q090_l2_soft_cp025_hb005_gate_2024_latest.mat","1283480","2026-08-27 09:47:20","48f05df818a83097f4a8e5e4370d114de4e03e6e50c0460ae3548169eff13fc2"
"runs/stage5/joint_grid/rolling/v51_contract_plan_and_hb_smoothing_h2q090_l2_soft_cp025_hb010_gate_2024_latest.mat","1284351","2026-08-27 10:47:26","885b848cd5169fb8f3bf7d3f9b5edb3a1dd88472bfe266735d2dd1cf0a3229fc"
"runs/stage5/joint_grid/rolling/v51_contract_plan_and_hb_smoothing_h2q090_l2_soft_cp025_hb020_gate_2024_latest.mat","1284182","2026-08-27 10:35:30","66e1d38ea3ce1c11c0dc7c28590027c64551871dcafaade8c43165ac5c5dc73d"
"runs/stage5/joint_grid/rolling/v51_contract_plan_and_hb_smoothing_h2q090_l2_soft_cp050_gate_2024_latest.mat","1271296","2026-08-27 10:23:32","50baaf097bc1fcea3218c4d7bf4de8a276fe660b71f3b54decc837b4c4710799"
"runs/stage5/joint_grid/rolling/v51_contract_plan_and_hb_smoothing_h2q090_l2_soft_cp050_hb005_gate_2024_latest.mat","1278515","2026-08-27 10:11:42","278a021cf772153b5610a30945129a8593336230ae0adf8b0f23c4f21008ea23"
"runs/stage5/joint_grid/rolling/v51_contract_plan_and_hb_smoothing_h2q090_l2_soft_cp050_hb010_gate_2024_latest.mat","1278052","2026-08-27 09:59:55","1d4f696a14eaa7e8ac870d27ea2dc650d09682db15d4e17e64b4d38a8288452c"
"runs/stage5/joint_grid/rolling/v51_contract_plan_and_hb_smoothing_h2q090_l2_soft_cp050_hb020_gate_2024_latest.mat","1280938","2026-08-27 09:47:57","c05cc941a2bbaa16ef9056bcc823e7146e8d747d843aba771770fd1f4bac2cee"
"runs/stage5/joint_grid/rolling/v51_contract_plan_and_hb_smoothing_h2q090_l2_soft_gate_2024_latest.mat","1275951","2026-08-27 10:46:41","bce73da7dfa2493d6cb885ed9751b0aaa9ee47c3e9bd2199c0e6eb37b2fbdf0a"
"runs/stage5/joint_grid/rolling/v51_contract_plan_and_hb_smoothing_h2q090_l2_soft_hb005_gate_2024_latest.mat","1282658","2026-08-27 10:34:49","99505fdfb36a8bce400bda257905978497327ac4dc69b5919ca284f1c91909ba"
"runs/stage5/joint_grid/rolling/v51_contract_plan_and_hb_smoothing_h2q090_l2_soft_hb010_gate_2024_latest.mat","1283517","2026-08-27 10:23:02","1d3f2784a38b515f543a33034eb81815ac79cb5db71e9ae4428414ca61ca8cfc"
"runs/stage5/joint_grid/rolling/v51_contract_plan_and_hb_smoothing_h2q090_l2_soft_hb020_gate_2024_latest.mat","1283586","2026-08-27 10:11:10","43d4b00d7e8fd14314f2561a2b356ce8589df0a4ccbdd4b405d1365ddadde370"
"runs/stage5/joint_grid/rolling/v51_contract_plan_and_hb_smoothing_h2q090_l3_soft_cp025_gate_2024_latest.mat","1274197","2026-08-27 09:59:47","e74cddaf3e96904bcd2f14d06dd558716dd4c224662a58f1cd7ff7bf55c6b808"
"runs/stage5/joint_grid/rolling/v51_contract_plan_and_hb_smoothing_h2q090_l3_soft_cp025_hb005_gate_2024_latest.mat","1274677","2026-08-27 09:47:54","c0a7e1d9d33ebd0f33e6865ce6d6b99ff61c39d4474f1bcf601a0ee8cfde47ac"
"runs/stage5/joint_grid/rolling/v51_contract_plan_and_hb_smoothing_h2q090_l3_soft_cp025_hb010_gate_2024_latest.mat","1276534","2026-08-27 10:47:45","32843e88870a87f130c2e8ea554a6f002ab980ec94fa83294e498f00b7f3f0bf"
"runs/stage5/joint_grid/rolling/v51_contract_plan_and_hb_smoothing_h2q090_l3_soft_cp025_hb020_gate_2024_latest.mat","1282912","2026-08-27 10:35:54","5f05ea4c40859bed3ecfa7461d1f181e0c9ef95cf514aac2d6d0476b0ac6228a"
"runs/stage5/joint_grid/rolling/v51_contract_plan_and_hb_smoothing_h2q090_l3_soft_cp050_gate_2024_latest.mat","1268834","2026-08-27 10:23:59","a2ec52a89f4ccd341131ae2a7c29f01017dc3824a238ee1b49e9c6b29cb8e167"
"runs/stage5/joint_grid/rolling/v51_contract_plan_and_hb_smoothing_h2q090_l3_soft_cp050_hb005_gate_2024_latest.mat","1269910","2026-08-27 10:12:07","70c1c0bd4587fde96ce76f8460bfb6520db8fb559a5113f8808d44ad8d33791e"
"runs/stage5/joint_grid/rolling/v51_contract_plan_and_hb_smoothing_h2q090_l3_soft_cp050_hb010_gate_2024_latest.mat","1270252","2026-08-27 10:00:17","fe8adc9997352e78b9f1b86a8c566a3496b5b8a629582e40ddd7c7473739c47c"
"runs/stage5/joint_grid/rolling/v51_contract_plan_and_hb_smoothing_h2q090_l3_soft_cp050_hb020_gate_2024_latest.mat","1279896","2026-08-27 09:48:25","fc8086834ae7ed50637586e7e78b35ec3665bc51a06051fe723290cc2f94be4f"
"runs/stage5/joint_grid/rolling/v51_contract_plan_and_hb_smoothing_h2q090_l3_soft_gate_2024_latest.mat","1273921","2026-08-27 10:47:04","7fb1426762310c4eb6fcd81dd2a798ae2988c950d52b2c834cef609b7ce71b03"
"runs/stage5/joint_grid/rolling/v51_contract_plan_and_hb_smoothing_h2q090_l3_soft_hb005_gate_2024_latest.mat","1273852","2026-08-27 10:35:13","e9380daf7eb3f08467dece6c67fc9ecf964cbc724a1e2f6285b9bb467cfcedd2"
"runs/stage5/joint_grid/rolling/v51_contract_plan_and_hb_smoothing_h2q090_l3_soft_hb010_gate_2024_latest.mat","1275665","2026-08-27 10:23:26","e0b04663de063da8ec332c9f0b7977c045b1356e81527c794d014c921d2d18b2"
"runs/stage5/joint_grid/rolling/v51_contract_plan_and_hb_smoothing_h2q090_l3_soft_hb020_gate_2024_latest.mat","1282291","2026-08-27 10:11:39","7a8693152312b20312c323c7edd36dcb5768509cbb0c5cd483ac3d888586c29d"
"runs/stage5/joint_grid/rolling/v51_contract_plan_and_hb_smoothing_h2q095_l1_soft_cp025_gate_2024_latest.mat","1275367","2026-08-27 11:10:31","8d9aeec77d1a180cbcd8a1e5a86a45bddd95684ebe35c3068df6398a83d5311e"
"runs/stage5/joint_grid/rolling/v51_contract_plan_and_hb_smoothing_h2q095_l1_soft_cp025_hb005_gate_2024_latest.mat","1276056","2026-08-27 10:58:35","c95f397810bd3c47fd43bc15d5f279931ffe74786de2dea87d1f7deea609f4f3"
"runs/stage5/joint_grid/rolling/v51_contract_plan_and_hb_smoothing_h2q095_l1_soft_cp025_hb010_gate_2024_latest.mat","1281200","2026-08-27 11:29:05","d86be5f9ae0ba00c1da6c467d2f66ac49f089475113e027514b5b6d167a3bc9e"
"runs/stage5/joint_grid/rolling/v51_contract_plan_and_hb_smoothing_h2q095_l1_soft_cp025_hb020_gate_2024_latest.mat","1289700","2026-08-27 11:11:22","b962272a120644d9fa0da5051b4b9499ff81af028ae8c39c3a2471c3d8d37301"
"runs/stage5/joint_grid/rolling/v51_contract_plan_and_hb_smoothing_h2q095_l1_soft_cp050_gate_2024_latest.mat","1270704","2026-08-27 10:59:20","080b5e4da4c3c208b9e9b9dd8499fbe965a7d0c4f9a26ff7ff98adf685baeb79"
"runs/stage5/joint_grid/rolling/v51_contract_plan_and_hb_smoothing_h2q095_l1_soft_cp050_hb005_gate_2024_latest.mat","1271317","2026-08-27 11:28:24","acdd2fa04b95bf5780dac7e76cce685c42adaa384a4dc3f08c93be66734fbae2"
"runs/stage5/joint_grid/rolling/v51_contract_plan_and_hb_smoothing_h2q095_l1_soft_cp050_hb010_gate_2024_latest.mat","1274759","2026-08-27 11:11:07","5728771b6dd390a2cab6db3d6af89f4fcc5854ba88b1fc2b6c19dddbeb78843b"
"runs/stage5/joint_grid/rolling/v51_contract_plan_and_hb_smoothing_h2q095_l1_soft_cp050_hb020_gate_2024_latest.mat","1286098","2026-08-27 10:59:07","8271e76dda6938b5f98f6a57383677358bba4db058547ffd487e3354cf7e6423"
"runs/stage5/joint_grid/rolling/v51_contract_plan_and_hb_smoothing_h2q095_l1_soft_gate_2024_latest.mat","1275056","2026-08-27 11:24:28","6ba8f67d3d788056be39c792213b52aeea5aa65183e07228576ff29ce8d437b1"
"runs/stage5/joint_grid/rolling/v51_contract_plan_and_hb_smoothing_h2q095_l1_soft_hb005_gate_2024_latest.mat","1275190","2026-08-27 11:09:52","a9e37a91df60333c0ce3294b33e76859148ee7f594d0e9217a41b90a27cd5d69"
"runs/stage5/joint_grid/rolling/v51_contract_plan_and_hb_smoothing_h2q095_l1_soft_hb010_gate_2024_latest.mat","1280372","2026-08-27 10:57:56","a02f94396b82cf94245e45d1e8375290759bb65bddecba75dec39d944b1e3386"
"runs/stage5/joint_grid/rolling/v51_contract_plan_and_hb_smoothing_h2q095_l1_soft_hb020_gate_2024_latest.mat","1289106","2026-08-27 11:26:41","c89372502ec00e6000616d92a23bbf91502d9f41f0b891b71e7d49c89d5461ae"
"runs/stage5/joint_grid/rolling/v51_contract_plan_and_hb_smoothing_h2q095_l2_soft_cp025_gate_2024_latest.mat","1281218","2026-08-27 11:11:40","89b197b0807e68bcf38786fc67c9ea0581efd08c4bc55a471f2783be8e052901"
"runs/stage5/joint_grid/rolling/v51_contract_plan_and_hb_smoothing_h2q095_l2_soft_cp025_hb005_gate_2024_latest.mat","1281218","2026-08-27 10:59:44","067bf7796477d9c14841e3b34556fa5ac061850887b6d95ed38985a71b2d57b5"
"runs/stage5/joint_grid/rolling/v51_contract_plan_and_hb_smoothing_h2q095_l2_soft_cp025_hb010_gate_2024_latest.mat","1276466","2026-08-27 12:42:51","95fe19c573de03d0ee5c21d912c5bc2839347f6a9fec93b6595090ed4461b124"
"runs/stage5/joint_grid/rolling/v51_contract_plan_and_hb_smoothing_h2q095_l2_soft_cp025_hb020_gate_2024_latest.mat","1284626","2026-08-27 11:58:13","3d735705b725e5697e74766b5dbd9d2533957706048c4bbe77ce8b7a761b70c6"
"runs/stage5/joint_grid/rolling/v51_contract_plan_and_hb_smoothing_h2q095_l2_soft_cp050_gate_2024_latest.mat","1276233","2026-08-27 12:45:46","c10d75a9acb8661136d049bfe9501aaa812a4663ac0c216801e9a66b11642a3f"
"runs/stage5/joint_grid/rolling/v51_contract_plan_and_hb_smoothing_h2q095_l2_soft_cp050_hb005_gate_2024_latest.mat","1275739","2026-08-27 12:01:07","6d77b1ba7bd95dbd75914864a61c620e5494911d37fbe133a4f3dbfc78bde388"
"runs/stage5/joint_grid/rolling/v51_contract_plan_and_hb_smoothing_h2q095_l2_soft_cp050_hb010_gate_2024_latest.mat","1270267","2026-08-27 12:48:07","cae7b353bf08d9b01321ea454d57f56c496ab95e6d284946bb360f97ece8bf5a"
"runs/stage5/joint_grid/rolling/v51_contract_plan_and_hb_smoothing_h2q095_l2_soft_cp050_hb020_gate_2024_latest.mat","1281547","2026-08-27 12:03:22","fa327f1aa2d541ef83af8c23b0a76772665db0adf41a8bfe5dd93f2758bbac48"
"runs/stage5/joint_grid/rolling/v51_contract_plan_and_hb_smoothing_h2q095_l2_soft_gate_2024_latest.mat","1280844","2026-08-27 11:29:42","fb70b381ce33ab40d328b05afaabda6955b695f0188a5bfdffa345afa1266aa8"
"runs/stage5/joint_grid/rolling/v51_contract_plan_and_hb_smoothing_h2q095_l2_soft_hb005_gate_2024_latest.mat","1280348","2026-08-27 11:11:38","baff2e18295ac9d7556be82a67e8b1a73c6e7d2f090ab72203a849f36b87e819"
"runs/stage5/joint_grid/rolling/v51_contract_plan_and_hb_smoothing_h2q095_l2_soft_hb010_gate_2024_latest.mat","1275558","2026-08-27 10:59:40","7522f54991956e27ec4b79529a5d5cf9e9f59b4ca2ef3cb36589cd58d9fd9a2e"
"runs/stage5/joint_grid/rolling/v51_contract_plan_and_hb_smoothing_h2q095_l2_soft_hb020_gate_2024_latest.mat","1284035","2026-08-27 11:29:45","a825719d0d849202e8ea6defb01b1247b8f00e75776f516d0cee0c3af0a6c9f8"
"runs/stage5/joint_grid/rolling/v51_contract_plan_and_hb_smoothing_h2q095_l3_soft_cp025_gate_2024_latest.mat","1275610","2026-08-27 12:49:58","edcc6787b32b66c8bacdab34d434335e64ddf9c39b3f24e218f3944a14fc3311"
"runs/stage5/joint_grid/rolling/v51_contract_plan_and_hb_smoothing_h2q095_l3_soft_cp025_hb005_gate_2024_latest.mat","1279935","2026-08-27 12:05:11","4115b1c4a8337fdd8f3b559c76f50961ccd6613c427e51004adec347fcf9e601"
"runs/stage5/joint_grid/rolling/v51_contract_plan_and_hb_smoothing_h2q095_l3_soft_cp025_hb010_gate_2024_latest.mat","1281091","2026-08-27 13:31:10","2a066f3cdc9d37d240c7764fc2d69816a21c0441ae70cdb047ec4520fd4aaa3f"
"runs/stage5/joint_grid/rolling/v51_contract_plan_and_hb_smoothing_h2q095_l3_soft_cp025_hb020_gate_2024_latest.mat","1288484","2026-08-27 13:33:20","ddd92b8d1f02cfb54a88a3cd87e01dfd13c94f704329cc8e67d7bbc02464c245"
"runs/stage5/joint_grid/rolling/v51_contract_plan_and_hb_smoothing_h2q095_l3_soft_cp050_gate_2024_latest.mat","1270676","2026-08-27 13:34:59","7b1b1af0302958163cb931490c66fd8a22ea81faac495e0349eb845118cde07f"
"runs/stage5/joint_grid/rolling/v51_contract_plan_and_hb_smoothing_h2q095_l3_soft_cp050_hb005_gate_2024_latest.mat","1274996","2026-08-27 13:35:16","a84f878edd72e1f6da52c00b1a0afb549bc6ea225748e98bfb4940d6eaea1ce6"
"runs/stage5/joint_grid/rolling/v51_contract_plan_and_hb_smoothing_h2q095_l3_soft_cp050_hb010_gate_2024_latest.mat","1274716","2026-08-27 13:35:37","1e37a911a9e5f452900d4e1d7dca6a6ea164bd578a756af2c3c8e530d3c089a7"
"runs/stage5/joint_grid/rolling/v51_contract_plan_and_hb_smoothing_h2q095_l3_soft_cp050_hb020_gate_2024_latest.mat","1285374","2026-08-27 13:35:54","5566122d40a3f9fb5eda0e1bda2e75f64adb80a851d64151cec07af2fef3f848"
"runs/stage5/joint_grid/rolling/v51_contract_plan_and_hb_smoothing_h2q095_l3_soft_gate_2024_latest.mat","1275330","2026-08-27 12:48:42","61723da80151ff998286439c23e3a8018a95d610463b2698db03326df163bf48"
"runs/stage5/joint_grid/rolling/v51_contract_plan_and_hb_smoothing_h2q095_l3_soft_hb005_gate_2024_latest.mat","1279104","2026-08-27 12:04:02","499ef7758588ff3c7ca84a6eef3421bf1aa4d860c1a344a7eee77cabcdb36c19"
"runs/stage5/joint_grid/rolling/v51_contract_plan_and_hb_smoothing_h2q095_l3_soft_hb010_gate_2024_latest.mat","1280207","2026-08-27 12:49:24","73e08e7bbc2bd8403d027bb6d1fa142f9b156ad1319a061ccd959db058074912"
"runs/stage5/joint_grid/rolling/v51_contract_plan_and_hb_smoothing_h2q095_l3_soft_hb020_gate_2024_latest.mat","1288042","2026-08-27 12:04:44","1204dc7f0f88ba53ece8cc612c28b5ae6993614d3b42f7fe9b6fe1a81d402e92"
"runs/stage5/joint_grid/rolling/v51_contract_plan_and_hb_smoothing_hb005_gate_2024_latest.mat","1274224","2026-08-27 07:06:06","c56cc12e52d7afd7fee62e72718a7f18fe0df1cb0d2ff93bde78206af99f170f"
"runs/stage5/joint_grid/rolling/v51_contract_plan_and_hb_smoothing_hb010_gate_2024_latest.mat","1274138","2026-08-27 07:14:15","0f08f7e17d3bba9dfad3b2417eb4d8c569264859aee43f4876d982799fac33b7"
"runs/stage5/joint_grid/rolling/v51_contract_plan_and_hb_smoothing_hb020_gate_2024_latest.mat","1282714","2026-08-27 07:06:06","92ebd833153969f415cad81577aed6ef52b7bcf18d7284d3549fa6aa87d8c8ea"
